0,0,0,0,0,0,0,0,0,0,0,0,0,0,0,0,0,0,0,0,0,0,0,0,0,0,0,0,0,0,1,1,0,0,0,0,0,0,0,0,0,0,0,0,0,0,0,0,0,0,0,0,0,0,
8.050419e-03,0,0,0,0,1.098614e-01,2.989255e-01,4.528084e-01,1.014896e-01,1.110699e-01,3.957603e-01,1.539103e-01,7.243443e-02,2.566884e-01,2.881376e-01,1.003099e-01,1.256412e-01,2.282233e-01,4.779854e-01,2.662617e-01,1.793650e-01,8.991251e-02,3.083200e-01,2.495894e-01,2.456680e-01,9.296737e-02,1.601582e-01,1.899652e-01,3.314003e-01,5.743924e-02,0,9.919496e-01,8.100674e-03,0,3.073678e-02,0,1.299790e-01,0,1.276200e-01,0,5.728906e-02,0,1.248214e-01,0,1.275243e-01,0,4.186775e-02,0,1.174049e-01,0,1.460862e-01,0,8.051955e-02,0,
7.334051e-01,0,3.957052e-01,2.783960e-01,2.044186e-01,0,0,2.701563e-01,1.715933e-01,1.154945e-01,1.113384e-01,2.348508e-01,2.964286e-01,5.829131e-02,4.235740e-01,1.999273e-01,2.237842e-01,1.278491e-01,3.490019e-01,1.634843e-01,2.874350e-01,4.164445e-01,1.027157e-02,1.890090e-01,2.215238e-01,1.624738e-01,1.520108e-01,1.629964e-01,1.921524e-02,3.181936e-01,0,2.665949e-01,1.062887e-02,5.435909e-02,1.599815e-01,0,6.750602e-02,7.506601e-02,4.221314e-02,8.663390e-02,8.299799e-02,2.860320e-02,6.179126e-02,6.609041e-02,4.859964e-02,1.156328e-01,1.439211e-01,3.539862e-02,5.331928e-02,1.023374e-01,1.347790e-01,9.774010e-02,1.814134e-01,5.869478e-02,
7.974495e-01,0,2.571500e-01,2.829104e-01,3.283160e-01,2.525429e-01,1.446652e-01,0,0,0,2.180090e-02,2.219865e-01,3.721407e-01,3.821101e-02,1.688280e-01,3.347447e-01,2.529383e-01,2.356244e-01,8.443801e-02,9.366298e-02,4.622273e-01,2.809594e-01,1.117982e-01,3.174116e-01,6.396883e-02,2.937074e-01,3.496369e-01,7.449446e-02,5.312899e-02,2.974361e-01,0,2.025505e-01,1.630004e-02,5.851409e-02,5.147287e-02,1.040523e-01,8.001317e-02,0,1.023537e-01,7.286311e-02,5.757690e-02,1.356845e-01,7.708228e-02,6.081268e-02,1.689938e-01,4.921304e-02,5.826471e-02,1.076083e-01,1.715802e-01,3.321410e-02,1.521009e-01,2.167687e-02,5.008342e-02,1.396326e-01,
7.480942e-01,0,9.025695e-02,3.407323e-01,3.820651e-01,2.477374e-01,1.448018e-01,2.897516e-01,1.985689e-01,1.867201e-01,0,0,0,3.839348e-02,1.743000e-01,3.444473e-01,2.949312e-01,3.402658e-01,5.706442e-02,4.655313e-01,9.463130e-02,2.738066e-01,1.327005e-01,1.396865e-01,3.881895e-01,8.187878e-02,1.486101e-01,2.584205e-01,8.184633e-02,3.164763e-01,0,2.519058e-01,3.543100e-02,9.071072e-02,4.635851e-02,1.019259e-01,1.118835e-01,2.007074e-02,1.039459e-01,0,2.536607e-02,1.137594e-01,9.432044e-02,3.625787e-02,1.771206e-01,5.147548e-03,7.527301e-02,1.300440e-01,1.037996e-01,4.566557e-02,1.689818e-01,3.055008e-02,3.784682e-02,1.542898e-01,
6.634503e-01,0,3.778380e-01,1.205017e-01,3.303254e-01,3.342967e-01,2.193951e-02,3.909829e-01,1.193402e-01,8.118837e-02,1.790541e-01,2.266577e-01,2.562747e-01,0,0,0,9.624869e-02,8.431207e-02,4.929421e-01,1.917196e-01,3.251381e-01,3.169994e-01,3.270395e-02,1.848684e-01,1.845184e-01,2.224080e-01,2.593191e-01,8.234321e-02,4.611722e-02,2.942027e-01,0,3.365497e-01,3.790459e-02,9.786112e-02,9.108234e-02,5.184546e-02,1.085705e-01,5.749528e-02,6.194510e-02,5.382844e-02,5.225945e-02,0,1.053658e-01,4.950346e-02,1.091073e-01,3.304260e-02,1.118614e-01,7.830029e-02,1.144931e-01,4.951987e-02,1.153328e-01,7.726681e-02,6.600312e-02,8.871254e-02,
7.441413e-01,0,2.692225e-01,2.914357e-01,2.798479e-01,2.267803e-01,1.719155e-01,4.280366e-01,7.301563e-02,4.201912e-02,6.276212e-02,2.720644e-01,2.467894e-01,5.657351e-02,2.149777e-01,2.490884e-01,0,0,0,2.644826e-01,2.928922e-01,2.180756e-01,1.101098e-01,2.151150e-01,2.115501e-01,1.880840e-01,2.474104e-01,1.225274e-01,6.426131e-02,2.490860e-01,0,2.558587e-01,1.643091e-02,1.036630e-01,7.578940e-02,1.101470e-01,1.111520e-01,3.060598e-02,8.096411e-02,3.305321e-02,9.940087e-02,9.697724e-02,5.081055e-02,0,1.295004e-01,3.046511e-02,5.609011e-02,1.489062e-01,1.409273e-01,1.461342e-02,1.700417e-01,3.020698e-02,4.721522e-02,1.238256e-01,
7.719258e-01,0,2.348258e-01,2.755311e-01,3.374161e-01,2.979895e-01,1.099298e-01,1.978142e-01,2.377032e-01,2.083093e-01,1.135342e-02,1.816099e-01,3.485679e-01,6.274754e-02,1.731170e-01,3.407912e-01,3.726877e-01,2.795215e-01,8.360070e-02,0,0,2.854542e-01,8.677454e-02,8.603333e-02,5.704978e-01,4.911255e-02,1.051408e-01,3.118447e-01,5.562689e-02,2.847178e-01,0,2.280742e-01,1.940119e-02,7.328183e-02,7.328753e-02,1.239394e-01,1.224948e-01,4.252996e-02,9.956105e-02,7.237714e-02,4.036613e-02,1.208317e-01,6.892956e-02,5.333496e-02,8.093429e-02,0,6.907914e-02,9.149805e-02,1.745116e-01,1.841589e-02,1.964678e-01,3.690404e-02,3.923276e-02,1.230787e-01,
7.065614e-01,0,3.439311e-01,2.625273e-01,2.431174e-01,1.577446e-02,4.979939e-01,3.240211e-01,1.343634e-01,1.454432e-01,1.417463e-01,2.231082e-01,2.780186e-01,5.829303e-02,4.100913e-01,1.894056e-01,2.180377e-01,1.324468e-01,3.895520e-01,1.738987e-01,2.840537e-01,0,0,1.780689e-01,1.838347e-01,1.869970e-01,1.709463e-01,1.342399e-01,2.042915e-02,3.556181e-01,0,2.934386e-01,1.917655e-02,9.663059e-02,1.341537e-01,3.047668e-02,1.022008e-01,6.542602e-02,2.708576e-02,3.448934e-02,5.090371e-02,6.096755e-02,5.358676e-02,5.008507e-02,7.562155e-02,7.952243e-02,1.463880e-01,0,8.661445e-02,9.037091e-02,8.323560e-02,1.104895e-01,1.993122e-01,6.638234e-02,
7.653735e-01,0,2.794134e-01,2.663637e-01,3.081462e-01,2.562826e-01,1.460918e-01,5.076199e-02,3.881931e-01,2.335339e-01,3.163650e-02,2.525625e-01,2.868369e-01,3.221783e-02,1.805261e-01,3.668963e-01,4.468110e-01,1.770668e-01,7.815287e-02,5.525781e-02,2.802314e-01,2.687996e-01,9.259487e-02,0,0,0,9.670864e-02,2.684977e-01,7.111816e-02,2.964107e-01,0,2.346265e-01,2.484141e-02,7.126412e-02,5.339626e-02,1.003476e-01,1.735992e-01,4.462990e-02,1.151300e-01,5.583210e-02,6.508171e-02,8.624062e-02,9.168814e-02,5.987830e-02,1.353308e-01,8.667848e-02,3.757044e-02,1.186784e-01,6.307785e-02,0,1.570119e-01,2.533945e-02,5.490637e-02,8.811857e-02,
7.829807e-01,0,2.630220e-01,2.968007e-01,3.021241e-01,2.518118e-01,1.618577e-01,4.010306e-02,2.295018e-01,4.303439e-01,1.617523e-02,2.290116e-01,3.681697e-01,3.568019e-02,1.939100e-01,3.705841e-01,3.569892e-01,2.296121e-01,8.307041e-02,7.446738e-02,4.196896e-01,2.322383e-01,1.253456e-01,2.403211e-01,3.332732e-02,4.644598e-01,0,0,6.041516e-02,2.596899e-01,0,2.170193e-01,2.645334e-02,5.975775e-02,9.136619e-02,1.038449e-01,1.263438e-01,2.370541e-02,1.149805e-01,6.872540e-02,8.056830e-02,1.120770e-01,9.251659e-02,6.254367e-02,1.359603e-01,4.330034e-02,5.077358e-02,1.147374e-01,1.204640e-01,3.154715e-02,1.051963e-01,0,4.073476e-02,1.480994e-01,
6.541919e-01,0,3.928877e-01,2.712256e-01,1.781596e-01,4.217631e-02,5.124121e-01,2.721535e-01,1.486174e-01,1.512267e-01,2.030953e-01,2.213838e-01,3.116081e-01,5.827728e-02,4.154174e-01,2.058383e-01,2.226088e-01,1.755182e-01,3.197803e-01,1.931278e-01,3.089371e-01,2.020056e-02,6.452902e-01,1.942953e-01,2.140262e-01,1.769776e-01,1.876129e-01,1.369008e-01,0,0,0,3.458081e-01,1.155103e-02,8.484274e-02,1.589201e-01,3.994961e-02,7.019245e-02,1.027118e-01,2.023864e-02,4.568512e-02,9.675939e-02,5.040856e-02,6.513528e-02,4.660366e-02,6.197913e-02,8.554843e-02,1.652942e-01,1.221563e-02,7.047460e-02,7.963083e-02,9.181323e-02,9.550387e-02,1.765503e-01,0,
0,8.444581e-03,3.481782e-01,3.520401e-01,2.390310e-01,1.597067e-01,1.141295e-01,1.435582e-01,1.131294e-01,1.724607e-01,0,1.404292e-01,3.889387e-01,0,1.674173e-01,4.646938e-01,3.194013e-01,2.080696e-01,1.663413e-01,5.854239e-02,3.633843e-01,1.777510e-01,6.686755e-02,1.656438e-01,1.290528e-01,2.100684e-01,1.255232e-01,1.059046e-01,0,2.064039e-01,9.915554e-01,0,0,5.230612e-02,0,7.133208e-02,0,1.814201e-01,0,8.542235e-02,0,4.597703e-02,0,5.486889e-02,0,9.606474e-02,0,7.591488e-02,0,7.765336e-02,0,1.511013e-01,0,9.949462e-02,
0,0,0,0,0,0,0,0,0,0,0,0,0,0,0,0,0,0,0,0,0,0,0,0,0,0,0,0,0,0,0,0,1,1,0,0,0,0,0,0,0,0,0,0,0,0,0,0,0,0,0,0,0,0,
0,8.621878e-02,4.296661e-01,2.244819e-01,2.059578e-01,0,0,2.979921e-01,9.704454e-02,1.470791e-01,0,2.439403e-01,3.600936e-01,0,5.104845e-01,1.916247e-01,1.884997e-01,7.317751e-02,4.386718e-01,1.186747e-01,3.079126e-01,2.937847e-01,0,1.637063e-01,1.527969e-01,1.701499e-01,1.724846e-01,1.297588e-01,0,2.498677e-01,0,8.621878e-02,0,5.367535e-02,1.957308e-01,0,9.104605e-02,7.362105e-02,6.537594e-02,8.286039e-02,9.510783e-02,5.615237e-02,3.617359e-02,6.938160e-02,5.227495e-02,1.385782e-01,1.647792e-01,1.208623e-01,6.234795e-02,1.104107e-01,9.494407e-02,1.099296e-01,1.232094e-01,7.929953e-02,
0,6.445059e-02,2.532806e-01,2.620319e-01,3.585929e-01,2.244833e-01,1.531594e-01,0,0,0,0,2.744496e-01,3.315467e-01,0,2.291070e-01,3.021227e-01,2.815011e-01,2.465529e-01,9.537781e-02,1.102853e-01,4.075595e-01,2.451277e-01,7.611151e-02,3.071597e-01,6.176511e-02,2.439584e-01,2.976657e-01,8.827039e-02,0,3.074932e-01,0,6.445059e-02,0,6.164395e-02,4.489756e-02,1.414896e-01,1.136735e-01,0,7.852526e-02,8.264776e-02,5.687721e-02,1.075405e-01,1.135365e-01,6.667696e-02,1.802961e-01,5.576323e-02,2.557739e-02,1.649908e-01,1.550449e-01,3.799145e-02,1.690214e-01,2.704372e-02,2.473560e-02,1.519468e-01,
0,1.277658e-01,1.342744e-03,3.750824e-01,3.537440e-01,2.596036e-01,8.800417e-02,3.008663e-01,2.164217e-01,1.792443e-01,0,0,0,0,1.548711e-01,3.864410e-01,3.272516e-01,3.908341e-01,0,5.325227e-01,1.166988e-01,2.806423e-01,4.133557e-02,1.335985e-01,4.453645e-01,8.814402e-02,1.479584e-01,2.281505e-01,0,3.057106e-01,0,1.277658e-01,0,1.420651e-01,4.766339e-02,1.355690e-01,1.108649e-01,2.314113e-02,7.530050e-02,0,8.490089e-02,1.782748e-01,7.939891e-02,4.862050e-02,2.151415e-01,1.128458e-02,4.436729e-02,1.161042e-01,1.287510e-01,2.291494e-02,1.506345e-01,4.191386e-02,3.860655e-02,1.279755e-01,
0,6.729842e-02,5.228138e-01,9.193720e-03,2.677027e-01,3.653971e-01,0,3.659888e-01,9.415881e-02,1.197699e-01,0,3.239508e-01,3.202920e-01,0,0,0,1.546042e-01,0,5.070146e-01,1.168099e-01,3.288688e-01,2.932054e-01,0,2.269524e-01,1.363883e-01,2.103877e-01,2.239439e-01,1.049768e-01,0,2.765165e-01,0,6.729842e-02,0,1.329915e-01,1.568419e-01,8.465028e-02,7.395290e-02,9.953582e-02,4.091318e-02,3.629407e-02,1.183946e-01,0,5.956336e-02,8.788417e-02,1.232182e-01,1.342198e-01,9.350115e-02,7.681226e-02,9.168289e-02,4.595894e-02,1.103131e-01,1.115499e-01,1.149864e-01,1.061726e-01,
0,1.005409e-01,2.064747e-01,2.668974e-01,3.370905e-01,1.830667e-01,1.386743e-01,5.047730e-01,7.657689e-02,4.378777e-02,0,2.624013e-01,2.698031e-01,0,2.105952e-01,1.628898e-01,0,0,0,2.209745e-01,2.653332e-01,2.475156e-01,6.731142e-02,2.383199e-01,1.881481e-01,1.983174e-01,2.747255e-01,1.531022e-01,0,2.796126e-01,0,1.005409e-01,0,8.899641e-02,3.880557e-02,1.751754e-01,1.516964e-01,3.960412e-02,1.576576e-01,5.290236e-02,3.468507e-02,1.111642e-01,6.993591e-02,0,9.090965e-02,6.255317e-02,4.021417e-02,1.436741e-01,1.420844e-01,1.231137e-02,2.090828e-01,2.336024e-02,3.373122e-02,1.585205e-01,
0,7.099204e-02,1.787545e-01,2.713166e-01,3.743975e-01,2.417684e-01,1.180261e-01,1.495185e-01,2.249160e-01,2.540799e-01,0,1.731556e-01,3.349557e-01,0,1.751544e-01,3.184185e-01,3.304623e-01,2.851966e-01,6.517804e-02,0,0,2.783628e-01,5.144075e-02,7.743422e-02,5.660936e-01,5.112121e-02,1.175214e-01,3.482055e-01,0,3.407455e-01,0,7.099204e-02,0,1.045394e-01,4.202273e-02,1.357453e-01,1.359308e-01,3.283430e-02,1.295411e-01,8.538096e-02,5.260157e-02,1.372917e-01,1.086678e-01,6.892341e-02,9.895074e-02,0,2.984539e-02,1.588135e-01,1.509440e-01,2.941641e-02,2.012615e-01,4.073573e-02,2.144271e-02,1.065355e-01,
0,1.141325e-01,5.060987e-01,2.552694e-01,7.347251e-02,0,5.781644e-01,2.811106e-01,1.332869e-01,2.152774e-01,0,2.589160e-01,3.589494e-01,0,4.279609e-01,2.343657e-01,2.896277e-01,8.884873e-02,3.734731e-01,1.026945e-01,3.715203e-01,0,0,1.856111e-01,1.903235e-01,2.260776e-01,1.846833e-01,1.503851e-01,0,2.196656e-01,0,1.141325e-01,0,5.102686e-02,1.890699e-01,3.886633e-02,5.784265e-02,8.808974e-02,1.965663e-02,9.943313e-02,8.195311e-02,4.836901e-02,4.196376e-02,6.440655e-02,7.343083e-02,1.484889e-01,2.021699e-01,0,3.945667e-02,9.263693e-02,5.516517e-02,1.614518e-01,2.179466e-01,7.175353e-02,
0,9.691544e-02,1.738310e-01,3.131740e-01,3.505459e-01,2.211548e-01,1.183919e-01,7.603995e-02,3.115305e-01,2.196624e-01,0,2.246985e-01,2.981264e-01,0,1.973696e-01,3.314710e-01,3.689677e-01,2.300646e-01,4.798135e-02,6.506076e-02,3.053009e-01,2.646136e-01,4.857612e-02,0,0,0,1.051144e-01,2.847109e-01,0,3.138090e-01,0,9.691544e-02,0,6.553368e-02,4.411010e-02,1.665467e-01,1.621101e-01,2.895947e-02,1.189559e-01,6.508739e-02,4.694232e-02,1.004118e-01,1.068330e-01,9.202883e-02,1.461589e-01,7.392362e-02,2.582302e-02,1.448342e-01,9.845774e-02,0,1.953490e-01,2.518607e-02,2.233657e-02,1.076496e-01,
0,6.629523e-02,2.426577e-01,2.783979e-01,3.320787e-01,2.620242e-01,1.386851e-01,4.130583e-02,2.245049e-01,4.631137e-01,0,2.270661e-01,3.394307e-01,0,2.082896e-01,3.584163e-01,3.809857e-01,2.316964e-01,9.151247e-02,7.473475e-02,3.795414e-01,2.489481e-01,6.599223e-02,2.436931e-01,3.364707e-02,4.275472e-01,0,0,0,3.013431e-01,0,6.629523e-02,0,8.057049e-02,6.221455e-02,1.187429e-01,1.326096e-01,2.836390e-02,1.070155e-01,8.960754e-02,5.015964e-02,1.153883e-01,1.389450e-01,6.153863e-02,1.497100e-01,6.851155e-02,4.244703e-02,1.675350e-01,1.331076e-01,3.226657e-02,1.093391e-01,0,4.175829e-02,1.384860e-01,
0,1.027897e-01,5.305967e-01,2.702773e-01,1.145523e-02,0,5.541632e-01,2.282401e-01,1.264168e-01,2.065892e-01,0,2.299691e-01,4.335424e-01,0,4.227403e-01,2.446635e-01,2.694114e-01,9.473265e-02,3.607037e-01,8.698755e-02,3.773760e-01,0,7.441377e-01,2.470114e-01,1.601402e-01,1.507666e-01,1.359735e-01,1.038069e-01,0,0,0,1.027897e-01,0,8.488109e-02,1.846744e-01,5.325144e-02,4.330970e-02,1.344599e-01,2.771997e-02,7.652543e-02,7.802396e-02,4.160115e-02,7.465598e-02,5.268092e-02,3.451733e-02,1.638362e-01,2.014118e-01,1.143727e-02,4.245119e-02,9.213272e-02,3.894936e-02,1.565248e-01,2.444070e-01,0,
0,7.330024e-01,1.132315e-01,4.900238e-02,1.980354e-02,4.618232e-01,3.772137e-01,1.756455e-01,1.794827e-01,2.154080e-01,4.102429e-01,1.193674e-01,1.803512e-01,2.215290e-01,0,4.218900e-01,3.221822e-01,2.701909e-01,1.572636e-01,3.172579e-01,1.853461e-01,0,3.132116e-01,1.163183e-01,3.114367e-01,1.353813e-01,1.381912e-01,2.036194e-01,2.546968e-01,8.670657e-03,2.669976e-01,0,5.927210e-02,3.070088e-02,0,1.609631e-01,6.757015e-02,7.372560e-02,6.424998e-02,5.496894e-02,4.253675e-02,6.720694e-02,8.202898e-02,4.929518e-02,6.155987e-02,5.074374e-02,7.827970e-02,1.509525e-01,8.458789e-02,8.989979e-02,1.177635e-01,1.267422e-01,6.801610e-02,1.376638e-01,
1.144776e-01,0,0,0,0,4.787843e-01,3.353170e-01,1.924645e-01,2.176881e-01,2.264098e-01,4.458934e-01,9.420189e-02,1.109315e-01,1.987456e-01,0,4.345889e-01,3.715842e-01,2.154719e-01,1.856270e-01,3.405945e-01,1.565764e-01,0,2.689243e-01,1.112061e-01,3.671918e-01,1.160619e-01,1.262185e-01,2.297944e-01,1.712918e-01,0,1.144776e-01,0,6.959168e-02,0,0,1.858987e-01,8.859894e-02,6.104523e-02,1.294029e-01,3.444253e-02,4.555525e-02,7.663210e-02,8.695001e-02,3.552217e-02,9.626424e-02,7.721661e-02,8.409944e-02,1.504921e-01,7.563277e-02,8.523185e-02,1.018420e-01,8.830089e-02,8.644649e-02,1.840790e-01,
0,0,0,0,0,0,0,0,0,0,0,0,0,0,0,0,0,0,0,0,0,0,0,0,0,0,0,0,0,0,0,0,0,0,1,1,0,0,0,0,0,0,0,0,0,0,0,0,0,0,0,0,0,0,
4.707180e-02,6.430558e-02,3.111033e-01,1.813454e-01,1.023344e-01,3.833563e-01,4.916081e-01,0,0,0,8.065769e-02,1.866942e-01,3.870407e-01,2.286988e-01,0,3.104571e-01,2.453150e-01,2.291196e-01,4.492860e-02,9.829054e-02,4.304560e-01,0,4.050400e-01,3.503564e-01,6.261454e-02,2.737807e-01,3.126277e-01,1.148491e-01,3.412677e-01,5.263067e-02,4.707180e-02,6.430558e-02,6.502671e-02,1.036340e-01,0,1.250356e-01,9.170079e-02,0,8.107307e-02,6.519391e-02,5.658694e-02,1.270613e-01,1.076442e-01,8.543235e-02,1.407021e-01,6.161079e-02,2.390638e-02,1.631052e-01,1.525416e-01,1.109504e-02,1.677847e-01,1.408856e-02,3.968275e-02,1.531587e-01,
4.404801e-02,1.411966e-01,2.036697e-01,1.669053e-01,9.590374e-02,4.388066e-01,4.413041e-01,2.841861e-01,2.096738e-01,1.754408e-01,0,0,0,2.959362e-01,0,3.325558e-01,3.231224e-01,3.220885e-01,7.014581e-02,4.037430e-01,7.400318e-02,0,3.452197e-01,1.164289e-01,3.897068e-01,1.015431e-01,1.428516e-01,2.257645e-01,3.075143e-01,5.077163e-02,4.404801e-02,1.411966e-01,6.948905e-02,1.093122e-01,0,1.198893e-01,1.278586e-01,4.096081e-02,7.049878e-02,0,5.108902e-02,9.845474e-02,1.340408e-01,3.542593e-02,1.370845e-01,4.904505e-02,2.784212e-02,1.746981e-01,1.399086e-01,4.167123e-02,1.300736e-01,3.844145e-02,5.168150e-02,1.345190e-01,
6.702881e-02,9.059669e-02,2.933678e-01,3.056974e-01,0,7.378027e-04,7.394978e-01,4.114111e-01,9.102212e-02,8.342408e-02,2.693831e-01,2.280844e-01,2.334247e-01,0,0,0,5.815402e-02,9.681001e-02,5.833272e-01,2.817372e-01,2.617849e-01,0,5.461455e-01,1.840176e-01,2.723471e-01,1.779376e-01,2.410963e-01,1.828793e-01,3.915256e-01,0,6.702881e-02,9.059669e-02,2.811973e-02,6.639530e-02,0,2.597644e-01,1.300376e-01,2.744819e-02,1.147449e-01,5.576771e-02,1.102376e-01,0,1.151176e-01,1.632196e-02,7.162572e-02,3.387535e-02,8.491189e-03,2.018435e-01,1.143810e-01,1.576514e-02,1.891037e-01,2.648971e-02,3.840144e-02,1.930214e-01,
4.317804e-02,1.027654e-01,3.181288e-01,1.580421e-01,9.797719e-02,3.813053e-01,4.771603e-01,4.537995e-01,7.360343e-02,5.670082e-02,8.484662e-02,2.909129e-01,2.981806e-01,3.379798e-01,0,1.532355e-01,0,0,0,2.852366e-01,2.991666e-01,0,3.819055e-01,2.170122e-01,2.415639e-01,1.660066e-01,2.226172e-01,1.537973e-01,2.636219e-01,6.209927e-02,4.317804e-02,1.027654e-01,4.141287e-02,9.412569e-02,0,1.415344e-01,1.634536e-01,1.897931e-02,1.166766e-01,4.610192e-02,7.870599e-02,1.268382e-01,1.020522e-01,0,1.028543e-01,5.819565e-02,1.517623e-02,1.725303e-01,1.117358e-01,1.372031e-02,1.902158e-01,3.650868e-02,1.991441e-02,1.740759e-01,
5.656131e-02,9.333797e-02,3.261879e-01,1.504802e-01,9.342762e-02,4.301658e-01,4.648540e-01,1.726075e-01,2.881694e-01,2.731935e-01,6.437739e-02,2.135400e-01,3.697819e-01,2.722201e-01,0,3.271282e-01,4.465412e-01,2.487546e-01,4.209592e-02,0,0,0,3.691429e-01,5.994828e-02,5.386989e-01,7.275121e-02,1.220416e-01,3.060911e-01,3.128607e-01,5.643222e-02,5.656131e-02,9.333797e-02,5.128032e-02,9.386617e-02,0,1.049802e-01,1.451919e-01,3.975268e-02,1.294764e-01,5.671957e-02,6.004287e-02,8.343642e-02,7.683567e-02,5.271962e-02,9.151920e-02,0,3.787017e-02,1.900135e-01,1.377520e-01,6.061408e-02,1.462471e-01,6.405909e-02,4.676134e-02,1.400390e-01,
4.959216e-02,4.412614e-02,1.843848e-01,0,5.316718e-01,8.056274e-01,1.969106e-02,1.232185e-01,2.292178e-01,1.890568e-01,3.778838e-01,1.124735e-01,2.002854e-01,2.542248e-01,0,5.209722e-01,4.438113e-01,2.283726e-01,5.033158e-02,2.669493e-01,1.835360e-01,0,0,9.939146e-02,2.781020e-01,1.761538e-01,1.170245e-01,1.838811e-01,0,7.563930e-01,4.959216e-02,4.412614e-02,1.082705e-01,2.978851e-02,0,1.746815e-01,5.493239e-02,1.736667e-01,5.196095e-02,4.102493e-02,7.309879e-03,8.807190e-02,4.270834e-02,7.685704e-02,5.010275e-02,7.800492e-02,2.239159e-01,0,5.097293e-02,9.396049e-02,8.999973e-02,1.543047e-01,2.396099e-01,1.488869e-02,
5.214287e-02,1.057578e-01,2.825612e-01,1.855460e-01,9.008716e-02,3.941707e-01,4.817869e-01,6.592518e-02,3.137210e-01,2.468280e-01,7.339055e-02,2.507927e-01,2.742839e-01,2.322202e-01,0,3.403670e-01,4.487601e-01,2.061056e-01,3.396450e-02,5.972256e-02,3.139058e-01,0,3.979151e-01,0,0,0,9.695675e-02,2.953140e-01,3.288942e-01,4.320055e-02,5.214287e-02,1.057578e-01,5.446872e-02,7.716437e-02,0,1.240424e-01,1.252886e-01,4.453131e-02,1.078346e-01,5.775686e-02,7.600052e-02,1.170946e-01,9.972577e-02,6.798044e-02,1.459975e-01,4.665297e-02,3.211669e-02,1.591890e-01,7.705921e-02,0,1.722169e-01,2.677412e-02,3.705882e-02,1.529663e-01,
5.759399e-02,5.541215e-02,3.007317e-01,2.116353e-01,1.086311e-01,4.058892e-01,4.848436e-01,3.046610e-02,2.201173e-01,4.532996e-01,8.266748e-02,2.186294e-01,3.455089e-01,2.469701e-01,0,3.256623e-01,3.839912e-01,2.035732e-01,3.208637e-02,9.532720e-02,3.835273e-01,0,3.955352e-01,2.248327e-01,5.013505e-02,4.545815e-01,0,0,3.341557e-01,5.826690e-02,5.759399e-02,5.541215e-02,5.003095e-02,9.500794e-02,0,1.092672e-01,1.317282e-01,3.666905e-02,1.115062e-01,6.433259e-02,5.414883e-02,1.311273e-01,1.312698e-01,8.637689e-02,1.254294e-01,4.221890e-02,2.815204e-02,1.757273e-01,1.479920e-01,2.208728e-02,9.211888e-02,0,4.024265e-02,1.519863e-01,
8.867530e-02,3.449956e-02,1.761438e-01,0,5.948942e-01,6.617430e-01,2.073791e-01,1.861253e-01,2.073372e-01,1.885013e-01,3.608864e-01,1.234931e-01,1.712169e-01,3.391556e-01,0,4.377626e-01,3.763598e-01,2.232576e-01,1.431932e-01,2.871002e-01,1.872060e-01,0,2.156972e-01,1.259526e-01,2.999721e-01,1.278257e-01,1.300905e-01,1.738331e-01,0,0,8.867530e-02,3.449956e-02,6.128782e-02,4.446754e-02,0,1.308779e-01,5.009496e-02,1.005341e-01,6.985920e-02,1.007644e-01,3.360382e-02,6.162180e-02,4.665351e-02,5.122398e-02,6.587369e-02,6.275648e-02,2.138945e-01,2.055763e-01,7.043361e-02,8.505942e-02,9.666462e-02,1.090680e-01,1.894085e-01,0,
0,8.049715e-01,1.979649e-02,3.926698e-02,5.541095e-02,2.014275e-01,2.572509e-01,2.848206e-01,3.257202e-01,3.232185e-01,2.874632e-01,2.417275e-01,9.171338e-02,2.844830e-01,2.721191e-01,1.019493e-01,0,2.663509e-01,3.356251e-01,3.709609e-01,6.355137e-02,1.487884e-01,2.872356e-01,0,4.111210e-01,1.051682e-01,0,2.681318e-01,3.138868e-01,1.133607e-01,1.950285e-01,0,6.796625e-02,3.435336e-02,9.957187e-02,6.180103e-02,0,6.624070e-02,7.384014e-02,1.100443e-01,1.359107e-01,5.367889e-02,5.489639e-02,8.141779e-02,5.523085e-02,1.235530e-01,1.169178e-01,5.150545e-02,2.991645e-02,1.710307e-01,1.667074e-02,1.769256e-01,1.225456e-01,3.794467e-02,
7.022669e-02,0,0,0,0,1.962569e-01,2.638557e-01,2.449905e-01,2.925154e-01,3.419318e-01,1.994284e-01,2.825190e-01,8.471413e-02,2.711654e-01,2.625931e-01,7.198830e-02,0,2.235679e-01,3.684693e-01,3.822459e-01,4.401417e-02,1.438266e-01,3.029179e-01,0,4.465271e-01,8.866068e-02,0,2.718748e-01,3.684752e-01,6.214966e-02,7.022669e-02,0,9.070439e-02,0,1.009076e-01,4.721468e-02,0,1.205624e-01,6.663834e-02,1.057907e-01,9.716095e-02,5.614038e-02,8.118146e-02,8.864200e-02,5.960645e-02,1.645875e-01,1.590556e-01,3.831643e-02,5.028931e-02,1.235060e-01,2.717547e-02,1.858931e-01,1.562286e-01,2.852160e-02,
9.652682e-02,6.835949e-02,9.973938e-02,2.001960e-01,3.531684e-01,0,0,2.792531e-01,2.996525e-01,3.389602e-01,2.945644e-01,2.360958e-01,9.549510e-02,1.987427e-01,3.843762e-01,2.717177e-02,0,1.976030e-01,3.445496e-01,3.720808e-01,7.071077e-02,4.820601e-01,4.002989e-02,0,4.358869e-01,9.756957e-02,0,2.942598e-01,7.618216e-02,4.052322e-01,9.652682e-02,6.835949e-02,1.078630e-01,5.241574e-02,1.335636e-01,0,0,8.213417e-02,7.125099e-02,1.145189e-01,1.194008e-01,5.385564e-02,8.398029e-02,8.434847e-02,3.499652e-02,1.235870e-01,1.494666e-01,3.260878e-02,2.570773e-02,1.568743e-01,2.316232e-02,1.654323e-01,1.401106e-01,5.189462e-02,
0,0,0,0,0,0,0,0,0,0,0,0,0,0,0,0,0,0,0,0,0,0,0,0,0,0,0,0,0,0,0,0,0,0,0,0,1,1,0,0,0,0,0,0,0,0,0,0,0,0,0,0,0,0,
1.026727e-01,2.294466e-02,4.263095e-01,1.522066e-01,8.048610e-02,2.263203e-01,1.856789e-01,2.524108e-01,3.526640e-01,2.869698e-01,0,0,0,2.312652e-01,1.760067e-01,3.308720e-01,0,3.605911e-01,2.694215e-01,1.665486e-01,0,1.886340e-01,2.119773e-01,0,3.011714e-01,1.324469e-01,0,2.271889e-01,2.723665e-01,1.268551e-01,1.026727e-01,2.294466e-02,1.036028e-01,2.796027e-02,8.969357e-02,4.233507e-02,0,1.079554e-01,4.655082e-02,0,1.111729e-01,2.097745e-02,1.046578e-01,5.792801e-02,5.417682e-02,1.887996e-01,1.212136e-01,3.313635e-02,5.840020e-02,2.046348e-01,4.776575e-02,2.399935e-01,1.460901e-01,3.933193e-02,
1.051547e-01,3.515035e-02,1.009637e-01,3.051816e-01,2.650642e-01,3.983529e-01,5.930759e-02,2.425331e-01,2.970877e-01,3.835393e-01,3.216560e-01,2.128782e-01,8.586808e-02,0,0,0,0,2.119535e-01,2.256760e-01,3.493980e-01,6.438851e-02,3.331164e-01,1.275422e-01,0,4.216750e-01,1.042876e-01,0,3.169759e-01,1.785416e-01,2.848932e-01,1.051547e-01,3.515035e-02,1.341835e-01,3.317588e-02,1.450537e-01,2.050957e-02,0,7.683992e-02,4.981338e-02,9.172633e-02,7.078948e-02,0,1.041416e-01,1.219234e-01,4.526238e-02,1.390190e-01,1.362865e-01,1.982867e-02,2.321047e-02,1.756999e-01,2.082095e-02,1.916720e-01,1.318904e-01,6.106201e-02,
9.228240e-02,3.827442e-02,2.804593e-01,1.698872e-01,2.151029e-01,4.394659e-01,9.266348e-02,8.983436e-04,4.222687e-01,4.537278e-01,2.876346e-01,3.197242e-01,0,1.252078e-01,5.259378e-02,5.664048e-01,0,0,0,3.458106e-01,0,3.445053e-01,1.239856e-01,0,5.269707e-01,9.360142e-02,0,3.690640e-01,1.510970e-01,2.979637e-01,9.228240e-02,3.827442e-02,1.014463e-01,5.394428e-02,1.508871e-01,1.585681e-02,0,1.231052e-01,4.962131e-02,6.853235e-02,1.416233e-01,6.770143e-03,1.129727e-01,0,4.022431e-02,2.213844e-01,1.082170e-01,3.035325e-02,1.283755e-02,1.835981e-01,1.653981e-02,1.948050e-01,1.422846e-01,3.231243e-02,
5.440996e-02,6.542908e-02,3.931078e-01,1.837763e-01,7.909225e-02,1.411592e-01,2.566375e-01,4.876461e-01,1.955527e-01,2.277994e-01,1.580929e-01,0,6.093848e-01,1.906010e-01,2.862913e-01,1.820276e-01,0,3.719270e-01,3.116268e-01,0,0,1.244458e-01,2.680352e-01,0,2.764739e-01,1.112661e-01,0,2.189515e-01,3.063358e-01,9.777329e-02,5.440996e-02,6.542908e-02,7.590889e-02,6.394300e-02,7.469642e-02,8.763693e-02,0,8.900174e-02,4.242506e-02,3.998228e-02,7.780498e-02,5.544728e-02,4.828074e-02,3.440070e-02,1.141413e-01,0,1.042679e-01,6.619765e-02,1.501076e-01,1.768718e-01,1.202245e-01,2.403385e-01,1.217488e-01,6.476721e-02,
1.283652e-01,4.608109e-02,8.167478e-02,2.339921e-01,3.783082e-01,4.402324e-02,4.883939e-01,2.837674e-01,3.390160e-01,3.199301e-01,3.320121e-01,2.191423e-01,8.725821e-02,2.000972e-01,4.455986e-01,3.440040e-02,0,2.067676e-01,3.172759e-01,3.640038e-01,5.886908e-02,0,0,0,4.457056e-01,1.017100e-01,0,2.749045e-01,4.509072e-02,4.097270e-01,1.283652e-01,4.608109e-02,8.915744e-02,5.466653e-02,1.375817e-01,5.076312e-02,0,5.728646e-02,6.511325e-02,7.914684e-02,1.242004e-01,3.939538e-02,1.073396e-01,1.206062e-01,5.108411e-02,1.611750e-01,1.018791e-01,0,2.187146e-02,1.472454e-01,1.400408e-02,1.607397e-01,1.282076e-01,5.169803e-02,
6.787520e-02,4.754743e-02,3.309157e-01,1.395925e-01,1.853168e-01,1.145854e-01,3.429243e-01,7.176782e-01,1.281490e-04,1.552629e-01,2.145728e-01,0,4.617224e-01,1.966993e-01,3.588838e-01,1.104662e-01,0,3.506037e-01,4.457731e-01,0,6.118412e-01,1.499378e-01,2.864539e-01,0,0,0,0,2.019139e-01,2.727460e-01,1.838334e-01,6.787520e-02,4.754743e-02,4.357096e-02,9.209186e-02,4.751894e-02,9.883081e-02,0,1.269308e-01,5.827697e-02,6.350118e-02,4.114256e-02,7.504424e-02,4.185790e-02,7.362549e-02,1.942655e-01,4.414665e-02,4.260112e-02,1.329672e-01,1.861167e-01,0,1.986587e-01,1.520076e-01,6.400625e-02,7.919755e-02,
3.263371e-02,9.790782e-02,2.508220e-01,1.046996e-01,2.341990e-01,6.185351e-02,2.152018e-01,7.351989e-01,1.479235e-01,1.904970e-04,2.928906e-01,5.995950e-02,3.560756e-01,2.375170e-01,2.714369e-01,7.193478e-02,0,3.162566e-01,4.503290e-01,1.370180e-01,5.184810e-01,1.292825e-01,1.897072e-01,0,1.416095e-01,6.824827e-01,0,0,1.779904e-01,1.809756e-01,3.263371e-02,9.790782e-02,2.796008e-02,8.136347e-02,2.906285e-02,1.527269e-01,0,1.166870e-01,7.733372e-02,7.250458e-02,3.188744e-02,6.788085e-02,1.318493e-03,1.018261e-01,1.965617e-01,3.874779e-02,4.317796e-02,1.203658e-01,1.671088e-01,9.421096e-03,3.173268e-01,0,5.960551e-02,1.245456e-01,
1.196179e-01,3.515713e-02,6.373423e-02,1.920074e-01,4.262117e-01,9.688542e-02,3.941832e-01,2.856191e-01,2.958996e-01,3.551152e-01,3.012722e-01,2.381615e-01,1.257671e-01,2.322164e-01,3.768683e-01,5.911668e-02,0,2.076649e-01,3.545773e-01,4.022736e-01,8.637061e-02,4.663334e-02,4.586274e-01,0,4.636250e-01,1.095515e-01,0,3.025265e-01,0,0,1.196179e-01,3.515713e-02,1.151506e-01,5.114671e-02,1.234628e-01,5.589589e-02,0,6.336614e-02,6.294398e-02,7.141584e-02,9.525951e-02,7.052817e-02,9.174068e-02,1.123958e-01,6.010974e-02,1.608577e-01,1.425838e-01,3.150619e-02,2.668713e-02,1.383074e-01,2.534930e-02,1.874895e-01,1.151609e-01,0,
0,7.504118e-01,0,3.305702e-02,8.145852e-02,2.042630e-01,2.662377e-01,2.959049e-01,8.805609e-02,1.599147e-01,7.520099e-02,3.184975e-01,5.380212e-01,4.180712e-01,2.446283e-01,3.656752e-02,2.336287e-01,0,3.559960e-01,0,4.599284e-01,1.511440e-01,2.812664e-01,2.177440e-01,7.430164e-02,2.617461e-01,1.909408e-01,9.069197e-02,3.051260e-01,1.292183e-01,2.495882e-01,0,8.941793e-02,2.288878e-02,1.313573e-01,5.662890e-02,1.761526e-02,1.160530e-01,0,6.828034e-02,1.467198e-01,4.076887e-02,5.090276e-02,1.122480e-01,7.231250e-03,1.596256e-01,9.700580e-02,6.005139e-02,2.929118e-02,1.141759e-01,2.695648e-02,1.669845e-01,1.314372e-01,5.981777e-02,
1.053715e-01,0,0,0,0,1.823639e-01,3.018745e-01,2.944785e-01,1.192759e-01,1.167643e-01,1.169016e-02,3.481226e-01,5.540599e-01,3.395901e-01,2.852730e-01,0,2.471700e-01,0,3.485488e-01,0,4.563553e-01,1.244048e-01,3.614826e-01,1.931211e-01,7.730511e-02,2.551907e-01,1.895675e-01,6.318927e-02,4.467556e-01,7.026504e-02,1.053715e-01,0,9.659261e-02,0,1.358956e-01,6.133504e-02,3.172429e-02,1.310641e-01,0,8.612733e-02,1.443539e-01,5.040347e-02,5.657051e-02,1.034528e-01,1.009393e-02,1.851037e-01,1.475606e-01,3.381277e-02,1.765665e-02,1.308602e-01,3.536342e-02,1.545617e-01,1.686523e-01,1.311425e-02,
1.332062e-01,6.500860e-02,0,3.003705e-01,3.058551e-01,0,0,3.143038e-01,1.657071e-01,1.719657e-01,1.946726e-01,3.346039e-01,4.225995e-01,1.805523e-01,4.542724e-01,6.651822e-02,3.441471e-01,0,3.255125e-01,0,3.797846e-01,4.440742e-01,4.819557e-02,2.064123e-01,6.256388e-02,2.881084e-01,1.879046e-01,1.178736e-01,9.320978e-02,3.813657e-01,1.332062e-01,6.500860e-02,1.289683e-01,5.937492e-02,1.016534e-01,0,2.587882e-02,1.123662e-01,0,4.812399e-02,1.203270e-01,4.486715e-02,5.374298e-02,9.950932e-02,2.374992e-02,1.291287e-01,1.406295e-01,2.972551e-02,4.047331e-02,1.467541e-01,4.855530e-02,2.028512e-01,1.581035e-01,3.757863e-02,
2.313196e-02,1.067529e-01,0,2.367746e-01,2.715546e-01,1.725227e-01,1.684628e-01,0,0,0,4.450144e-01,3.199415e-01,1.781666e-01,1.521807e-01,2.189256e-01,2.605513e-01,2.979113e-01,0,2.803334e-01,0,3.015894e-01,1.950468e-01,1.372259e-01,3.048047e-01,0,2.448421e-01,3.015521e-01,1.033527e-01,1.023414e-01,2.112403e-01,2.313196e-02,1.067529e-01,9.913083e-03,1.174995e-01,3.340526e-02,1.063922e-01,9.573186e-02,0,0,5.687742e-02,1.713968e-02,7.511280e-02,8.825347e-02,9.050156e-02,1.863740e-01,6.295126e-02,7.193667e-02,1.193670e-01,1.961688e-01,5.146403e-02,2.215587e-01,6.149607e-02,4.179448e-02,1.369933e-01,
0,0,0,0,0,0,0,0,0,0,0,0,0,0,0,0,0,0,0,0,0,0,0,0,0,0,0,0,0,0,0,0,0,0,0,0,0,0,1,1,0,0,0,0,0,0,0,0,0,0,0,0,0,0,
1.393971e-01,3.997322e-02,0,2.901900e-01,2.600181e-01,4.166334e-01,6.223364e-02,2.672976e-01,1.600920e-01,1.414886e-01,2.004883e-01,3.317125e-01,4.189174e-01,0,0,0,2.949882e-01,0,2.170972e-01,0,3.920134e-01,3.450613e-01,1.061632e-01,1.886174e-01,6.741669e-02,2.776785e-01,1.717317e-01,8.056434e-02,1.602842e-01,2.884822e-01,1.393971e-01,3.997322e-02,1.298133e-01,3.980158e-02,1.586282e-01,2.482259e-02,4.121363e-02,1.276727e-01,0,4.888183e-02,7.607943e-02,0,4.169776e-02,1.286225e-01,4.481065e-02,1.391313e-01,1.276579e-01,2.714911e-02,3.825816e-02,1.372153e-01,4.214593e-02,2.090171e-01,1.434638e-01,6.087880e-02,
7.047996e-02,5.450555e-02,0,3.497586e-01,2.448478e-01,2.778706e-01,8.812927e-02,3.834935e-01,0,5.119619e-02,4.360921e-01,3.624479e-03,4.335959e-01,0,1.049288e-01,4.940649e-01,0,0,0,0,3.654997e-01,2.752902e-01,1.390680e-01,2.649504e-01,0,2.240084e-01,2.328285e-01,7.188455e-02,1.537894e-01,2.437801e-01,7.047996e-02,5.450555e-02,8.163403e-02,9.288351e-02,7.071641e-02,8.493566e-02,4.645758e-02,1.095469e-01,0,1.266875e-01,2.722287e-02,5.585824e-02,1.188171e-01,0,6.781894e-02,1.359152e-01,1.661213e-01,8.367242e-02,1.232166e-01,7.164193e-02,1.421866e-01,1.126781e-01,7.410800e-02,6.045427e-02,
9.002781e-03,9.023961e-02,0,2.473700e-01,3.286588e-01,1.941791e-01,1.796088e-01,0,3.798656e-01,3.083802e-01,5.531493e-01,3.344620e-01,4.448896e-04,1.277204e-01,2.285416e-01,3.131969e-01,4.246822e-01,0,2.454709e-01,0,0,1.938722e-01,1.244072e-01,0,8.473855e-01,1.485994e-02,1.150503e-01,3.904395e-01,8.244948e-02,2.620772e-01,9.002781e-03,9.023961e-02,5.843084e-03,1.118966e-01,5.488103e-02,1.035068e-01,1.831946e-01,3.468117e-02,0,1.119438e-01,4.009454e-02,5.765561e-02,1.131076e-01,9.061352e-02,1.521696e-01,0,3.818948e-02,1.615962e-01,1.229344e-01,3.099403e-02,2.084216e-01,2.617197e-02,2.355551e-02,1.320949e-01,
7.585065e-02,7.408748e-02,0,2.211981e-01,3.144443e-01,4.245136e-02,4.823818e-01,2.992550e-01,1.164757e-01,1.755667e-01,1.861807e-01,3.098295e-01,4.162354e-01,2.357740e-01,3.955902e-01,5.826364e-02,2.910235e-01,0,3.699388e-01,0,3.640673e-01,0,0,2.006553e-01,7.562783e-02,2.425014e-01,1.731141e-01,1.149993e-01,5.000231e-02,4.080539e-01,7.585065e-02,7.408748e-02,1.259600e-01,6.403781e-02,1.700921e-01,4.084915e-02,1.774092e-02,9.123645e-02,0,8.775434e-02,1.004580e-01,4.441834e-02,6.784393e-02,7.422983e-02,2.375828e-02,1.515542e-01,1.095643e-01,0,6.529524e-02,1.420529e-01,3.742196e-02,1.673767e-01,1.797156e-01,3.610371e-02,
2.366149e-02,9.007324e-02,0,1.953105e-01,3.568720e-01,2.559193e-01,9.704908e-02,0,3.653765e-01,2.984368e-01,5.464598e-01,2.557835e-01,7.723636e-02,9.978530e-02,1.186348e-01,3.941467e-01,3.974893e-01,0,2.138565e-01,0,1.111405e-01,2.519775e-01,7.924200e-02,0,0,0,1.127372e-01,4.164629e-01,4.831602e-02,2.939414e-01,2.366149e-02,9.007324e-02,3.142646e-02,1.073933e-01,7.677515e-02,9.441907e-02,1.856963e-01,3.210946e-02,0,1.205203e-01,6.199985e-02,1.145193e-01,6.038390e-02,9.896836e-02,1.105740e-01,7.666983e-02,3.645607e-02,9.622710e-02,1.070200e-01,0,2.516632e-01,2.089994e-02,4.167597e-02,1.355326e-01,
1.521281e-02,1.001278e-01,0,1.798257e-01,3.098812e-01,2.064220e-01,1.659252e-01,4.426604e-02,2.634782e-01,4.143525e-01,4.091783e-01,3.362676e-01,1.857396e-01,1.542997e-01,1.919827e-01,3.200726e-01,3.700353e-01,0,3.129429e-01,0,2.510862e-01,1.892140e-01,1.558468e-01,2.074762e-01,1.708612e-02,4.183929e-01,0,0,8.675760e-02,2.486411e-01,1.521281e-02,1.001278e-01,2.966997e-02,1.052837e-01,8.295071e-02,9.180017e-02,1.677571e-01,2.317178e-02,0,6.881455e-02,4.113774e-02,7.397328e-02,6.871372e-02,8.634180e-02,1.472804e-01,9.901988e-02,3.639930e-02,1.059048e-01,1.860565e-01,5.766575e-02,1.672546e-01,0,2.807105e-02,1.584004e-01,
1.336161e-01,4.242607e-02,0,2.071729e-01,3.682735e-01,8.489297e-02,4.300839e-01,3.025617e-01,1.000928e-01,1.980005e-01,1.900547e-01,3.277299e-01,4.098887e-01,2.385533e-01,3.246969e-01,9.561235e-02,3.092699e-01,0,3.278413e-01,0,3.791048e-01,3.706551e-02,4.893125e-01,1.959519e-01,8.048219e-02,2.217470e-01,1.806871e-01,1.207173e-01,0,0,1.336161e-01,4.242607e-02,1.205021e-01,6.485357e-02,1.863284e-01,3.311392e-02,1.836002e-02,1.036139e-01,0,7.232673e-02,8.560650e-02,4.665120e-02,3.740782e-02,1.262005e-01,3.486146e-02,1.461276e-01,1.342166e-01,3.792254e-02,4.137059e-02,1.431043e-01,4.408249e-02,1.624256e-01,1.424140e-01,0,
0,6.771998e-01,1.617844e-01,0,6.099517e-02,0,3.223380e-01,1.528954e-01,2.288190e-01,2.059538e-01,4.068341e-01,6.431801e-02,2.046592e-01,6.801386e-02,3.269594e-01,5.204831e-01,3.891800e-01,3.230557e-01,0,2.584633e-01,2.083552e-01,1.684837e-02,3.370194e-01,1.307456e-01,2.871368e-01,1.575058e-01,1.205826e-01,1.721746e-01,3.509481e-01,5.087589e-02,3.228002e-01,0,8.909348e-02,1.491021e-02,7.163690e-02,9.310666e-02,4.176162e-02,9.460153e-02,1.877112e-02,8.626306e-02,0,8.454370e-02,5.183000e-02,7.729086e-02,5.910918e-02,8.408678e-02,8.731017e-02,1.066562e-01,8.161223e-02,1.155729e-01,6.969315e-02,1.403955e-01,8.168691e-02,7.787748e-02,
1.163804e-01,0,0,0,0,0,2.854168e-01,1.359671e-01,2.132447e-01,2.068943e-01,4.707371e-01,0,1.710047e-01,3.385986e-03,3.169920e-01,5.450194e-01,3.493079e-01,3.495284e-01,0,2.793570e-01,1.539349e-01,0,3.255156e-01,1.444590e-01,2.923625e-01,1.209005e-01,1.162855e-01,1.859813e-01,3.024402e-01,0,1.163804e-01,0,1.070563e-01,0,6.632818e-02,9.790332e-02,4.152920e-02,9.547547e-02,7.630898e-02,6.345256e-02,0,1.346026e-01,8.777456e-02,6.992482e-02,6.293773e-02,9.301310e-02,1.327361e-01,9.263723e-02,6.923859e-02,6.467736e-02,1.256787e-01,1.512067e-01,8.937603e-02,1.124514e-01,
1.322079e-01,4.897732e-02,1.851084e-01,0,4.770636e-01,0,0,3.122003e-02,2.239141e-01,3.029197e-01,3.035332e-01,9.313071e-02,2.218297e-01,2.140359e-01,2.850594e-04,7.121735e-01,5.167097e-01,2.420134e-01,0,2.616733e-01,1.936986e-01,8.254349e-01,0,8.461870e-02,3.579410e-01,1.095432e-01,5.165265e-02,2.411616e-01,0,5.878658e-01,1.322079e-01,4.897732e-02,1.054088e-01,4.403645e-02,1.742801e-01,0,2.665019e-02,1.215773e-01,4.400519e-02,1.143067e-01,0,7.350548e-02,4.562256e-03,8.236353e-02,3.154162e-02,1.559403e-01,2.521885e-01,1.461937e-02,2.461432e-02,1.312858e-01,2.987922e-02,1.495279e-01,1.539946e-01,4.319242e-02,
4.149666e-02,1.166270e-01,3.701923e-01,0,1.865486e-01,0,3.218968e-01,0,0,0,8.980890e-02,1.775619e-01,3.990686e-01,3.379944e-01,3.922723e-01,1.952307e-01,1.785369e-01,2.131892e-01,0,5.233915e-02,4.444363e-01,6.140253e-02,2.722898e-01,3.640908e-01,3.337460e-02,2.829464e-01,3.624688e-01,1.053240e-01,2.629323e-01,1.102391e-01,4.149666e-02,1.166270e-01,4.567731e-02,1.045416e-01,7.945347e-03,1.397234e-01,9.490353e-02,0,1.186293e-01,8.791048e-02,0,7.450266e-02,1.109222e-01,9.198876e-02,1.182219e-01,5.388954e-02,2.192388e-02,1.203674e-01,1.742081e-01,4.355659e-02,2.012508e-01,1.640447e-02,4.044796e-02,1.261150e-01,
4.875840e-02,1.071206e-01,2.455803e-01,0,1.975672e-01,0,3.028189e-01,2.938490e-01,2.154767e-01,1.709818e-01,0,0,0,3.088746e-01,3.550300e-01,2.537040e-01,2.644127e-01,3.279317e-01,0,3.568140e-01,9.375684e-02,8.460583e-02,2.888140e-01,1.172704e-01,3.418300e-01,1.077273e-01,1.885706e-01,2.204409e-01,2.601304e-01,1.495737e-01,4.875840e-02,1.071206e-01,5.165492e-02,1.191502e-01,3.993492e-02,1.767519e-01,1.391841e-01,2.913034e-02,6.967392e-02,0,0,8.239143e-02,8.306834e-02,3.827688e-02,1.687735e-01,6.003265e-02,4.476616e-02,1.237390e-01,9.145416e-02,5.430095e-02,1.904348e-01,6.013233e-02,5.183413e-02,1.285112e-01,
0,0,0,0,0,0,0,0,0,0,0,0,0,0,0,0,0,0,0,0,0,0,0,0,0,0,0,0,0,0,0,0,0,0,0,0,0,0,0,0,1,1,0,0,0,0,0,0,0,0,0,0,0,0,
3.683188e-02,1.136345e-01,3.706357e-01,0,1.928291e-01,0,3.877920e-01,6.253757e-01,7.919687e-02,5.166710e-02,0,2.858261e-01,3.682000e-01,3.735680e-01,4.653244e-01,1.000431e-02,0,0,0,1.911306e-01,4.333674e-01,7.867528e-02,3.245145e-01,3.006318e-01,1.743504e-01,2.293671e-01,3.237649e-01,1.183214e-01,3.179931e-01,1.511246e-01,3.683188e-02,1.136345e-01,6.656119e-02,1.178548e-01,3.244399e-02,1.886517e-01,1.347630e-01,2.920073e-03,1.440354e-01,5.177554e-02,0,1.511033e-01,7.879387e-02,0,1.253615e-01,4.341394e-02,3.409366e-02,1.698204e-01,9.019874e-02,1.673503e-02,1.859371e-01,2.488504e-02,4.895235e-02,9.717832e-02,
6.263087e-02,1.212474e-01,3.554543e-01,0,1.707985e-01,0,3.210553e-01,1.642710e-01,2.807573e-01,2.133615e-01,6.682718e-02,1.942103e-01,4.275224e-01,2.895342e-01,3.609329e-01,2.609072e-01,3.588246e-01,2.973792e-01,0,0,0,5.480769e-02,2.817240e-01,5.853829e-02,4.761564e-01,8.756591e-02,1.345737e-01,2.925298e-01,2.796343e-01,1.094932e-01,6.263087e-02,1.212474e-01,5.455421e-02,1.056805e-01,1.633289e-02,1.110182e-01,1.364519e-01,2.999862e-02,1.003790e-01,6.465268e-02,0,8.862573e-02,1.022791e-01,6.546396e-02,9.632127e-02,0,2.715848e-02,1.211752e-01,1.205003e-01,7.152680e-02,1.975578e-01,7.138180e-02,5.556858e-02,1.189636e-01,
4.279684e-02,2.955693e-02,2.116348e-01,0,4.136002e-01,0,2.168575e-01,6.910291e-02,1.963018e-01,2.688282e-01,3.492438e-01,1.103020e-01,2.504048e-01,2.428784e-01,1.000391e-01,5.688870e-01,4.161871e-01,2.728773e-01,0,2.474666e-01,2.369009e-01,0,0,1.343043e-01,2.729417e-01,1.195439e-01,6.004435e-02,1.747309e-01,0,5.630730e-01,4.279684e-02,2.955693e-02,7.186513e-02,5.199234e-02,2.097727e-01,9.295424e-02,2.767825e-02,1.039812e-01,4.984806e-02,7.187620e-02,0,8.819554e-02,1.650134e-02,7.572874e-02,5.620839e-02,9.518734e-02,2.200695e-01,0,5.154012e-02,1.326838e-01,4.592177e-02,1.995186e-01,1.661938e-01,1.672096e-02,
3.662447e-02,1.425317e-01,2.919886e-01,0,2.127432e-01,0,3.575144e-01,6.936842e-02,2.458968e-01,3.051355e-01,1.026246e-01,2.800912e-01,2.695336e-01,3.153535e-01,4.263782e-01,1.988619e-01,3.871780e-01,2.468451e-01,0,6.386025e-02,2.994763e-01,7.395570e-02,3.116313e-01,0,0,0,7.779699e-02,3.522867e-01,2.784231e-01,1.574038e-01,3.662447e-02,1.425317e-01,3.152676e-02,1.172890e-01,1.293656e-02,1.557560e-01,1.854623e-01,3.003649e-02,1.081154e-01,5.855982e-02,0,5.940650e-02,1.407052e-01,5.500365e-02,1.464929e-01,5.268993e-02,2.747700e-02,1.568082e-01,1.023401e-01,0,1.681112e-01,4.316302e-02,2.137540e-02,1.099230e-01,
4.169715e-02,1.075635e-01,3.733430e-01,0,1.619810e-01,0,3.175740e-01,3.041044e-02,2.315253e-01,4.089310e-01,1.016168e-01,2.721851e-01,3.453728e-01,3.018863e-01,4.002533e-01,2.146245e-01,3.415188e-01,2.232959e-01,0,8.727558e-02,4.155772e-01,4.651161e-02,2.854345e-01,2.331857e-01,4.413925e-02,4.930943e-01,0,0,2.577232e-01,1.127383e-01,4.169715e-02,1.075635e-01,5.625889e-02,1.162949e-01,9.744405e-03,1.389353e-01,1.301847e-01,3.402237e-02,1.162919e-01,8.103169e-02,0,8.323590e-02,1.390724e-01,9.147778e-02,1.509026e-01,3.756185e-02,4.226415e-02,1.406304e-01,1.360283e-01,1.271157e-02,9.797467e-02,0,3.890940e-02,1.158634e-01,
6.126100e-02,3.517062e-02,2.093357e-01,0,4.635913e-01,0,2.462791e-01,1.407408e-01,2.070528e-01,1.971718e-01,3.922107e-01,1.047300e-01,2.063927e-01,2.291389e-01,1.981818e-01,4.998587e-01,3.794898e-01,2.873109e-01,0,2.461875e-01,2.113248e-01,0,3.709481e-01,1.097300e-01,2.700392e-01,1.665708e-01,1.489839e-01,1.931554e-01,0,0,6.126100e-02,3.517062e-02,7.726033e-02,5.177326e-02,1.782235e-01,1.301263e-01,3.875445e-02,1.319928e-01,3.028634e-02,6.978698e-02,0,7.282065e-02,1.415896e-02,9.268784e-02,7.865807e-02,9.757769e-02,1.835830e-01,5.891402e-02,5.293846e-02,1.181315e-01,9.747709e-02,1.190803e-01,1.654606e-01,0,
0,7.904614e-01,3.930685e-02,3.881739e-02,6.788996e-02,2.171746e-01,2.359102e-01,0,2.396972e-01,2.367138e-01,3.058758e-01,0,2.178435e-01,3.113491e-01,2.019754e-01,0,4.402440e-01,2.788321e-01,1.952256e-01,2.924800e-01,1.870045e-01,1.417802e-01,2.348647e-01,8.495827e-02,3.396714e-01,1.406729e-01,5.623284e-02,2.036332e-01,2.671406e-01,1.183271e-01,2.095386e-01,0,6.080837e-02,8.698176e-03,1.661217e-01,5.679260e-02,3.092192e-02,1.359461e-01,2.917833e-02,1.160780e-01,1.321098e-01,7.000289e-02,0,8.569823e-02,3.409299e-02,1.121234e-01,8.604671e-02,6.363909e-02,3.138156e-02,9.641378e-02,5.571508e-02,1.732358e-01,1.363608e-01,5.364775e-02,
7.293141e-02,0,0,0,0,1.938246e-01,2.743145e-01,0,2.667558e-01,2.407664e-01,2.960416e-01,0,2.289255e-01,2.681482e-01,2.440338e-01,0,4.720444e-01,2.906756e-01,2.001300e-01,2.787918e-01,1.992496e-01,1.328898e-01,2.645581e-01,8.634690e-02,3.076225e-01,1.338839e-01,4.912898e-02,1.760058e-01,2.927366e-01,8.477491e-02,7.293141e-02,0,7.014219e-02,0,1.424492e-01,5.123371e-02,4.549553e-02,1.454936e-01,6.860455e-02,1.131049e-01,1.665070e-01,4.827965e-02,0,3.715003e-02,9.550835e-02,1.540149e-01,9.329725e-02,5.493877e-02,3.725655e-02,1.514145e-01,3.387732e-02,1.833929e-01,1.535375e-01,4.058400e-02,
8.523653e-02,5.587601e-02,6.346850e-02,2.913001e-01,3.233738e-01,0,0,0,2.515725e-01,2.851502e-01,3.423570e-01,0,2.283030e-01,1.435990e-01,3.708600e-01,0,4.975827e-01,2.866918e-01,1.261274e-01,2.700147e-01,1.978726e-01,4.771614e-01,5.911824e-02,9.625443e-02,3.382530e-01,1.110028e-01,3.845604e-02,1.805757e-01,9.495861e-02,3.569059e-01,8.523653e-02,5.587601e-02,1.124654e-01,4.459813e-02,1.519785e-01,0,1.549451e-02,1.110649e-01,4.736513e-02,9.688007e-02,1.500921e-01,5.306062e-02,0,8.959810e-02,1.499744e-02,1.136661e-01,2.036641e-01,2.429033e-02,2.989325e-02,1.144038e-01,3.222294e-02,2.093443e-01,1.315562e-01,6.218370e-02,
3.287605e-02,1.099800e-01,2.986040e-01,8.387955e-02,2.074807e-01,4.113736e-02,2.691202e-01,0,0,0,2.402149e-01,0,3.870021e-01,2.652330e-01,3.364613e-01,0,6.862148e-03,3.014623e-01,5.866597e-01,0,4.893259e-01,9.228431e-02,1.731462e-01,4.288627e-01,0,3.743523e-01,4.746332e-01,8.912826e-02,1.566058e-01,1.407484e-01,3.287605e-02,1.099800e-01,5.880028e-02,5.378577e-02,2.964907e-02,1.481371e-01,8.964190e-02,0,8.156274e-02,5.441203e-02,8.945720e-03,1.189280e-01,0,1.050158e-01,1.596186e-01,5.729492e-02,1.152880e-02,1.559670e-01,2.489962e-01,2.423532e-02,1.947711e-01,5.361891e-03,5.279732e-02,1.360700e-01,
7.138387e-02,6.716665e-02,4.996687e-01,0,1.029793e-01,1.323120e-01,2.472393e-01,0,3.968708e-01,2.571515e-01,0,0,0,3.771007e-01,2.612639e-01,0,4.763158e-01,1.303883e-03,4.835758e-01,4.136423e-01,0,1.076133e-01,2.021347e-01,0,4.556924e-01,1.247092e-01,7.868218e-02,2.393278e-01,2.441444e-01,1.078515e-01,7.138387e-02,6.716665e-02,5.010641e-02,7.292077e-02,1.053370e-01,9.466292e-02,1.665664e-01,6.754197e-02,8.538514e-02,0,7.662021e-02,5.414337e-02,0,3.880455e-02,4.382408e-02,8.587420e-02,7.315917e-02,1.185020e-01,5.827373e-02,1.140707e-01,1.293683e-01,1.932191e-01,1.205905e-01,7.370862e-02,
1.358416e-01,3.890472e-02,0,4.006592e-01,2.735310e-01,4.537241e-01,9.753519e-02,0,2.592267e-01,3.189196e-01,3.788509e-01,0,2.304548e-01,0,0,0,5.866666e-01,3.264180e-01,4.263128e-03,3.096009e-01,2.021282e-01,3.813886e-01,1.503691e-01,8.169330e-02,3.966266e-01,1.341164e-01,4.375049e-02,2.400963e-01,1.951828e-01,3.034378e-01,1.358416e-01,3.890472e-02,7.615897e-02,7.293935e-02,1.876640e-01,1.779324e-02,7.446649e-03,1.414107e-01,9.579970e-02,1.225129e-01,1.413536e-01,0,0,8.265232e-02,2.217233e-02,1.375245e-01,1.460651e-01,1.528036e-02,3.820600e-02,1.272209e-01,2.334620e-02,1.925354e-01,1.003825e-01,2.566203e-02,
0,0,0,0,0,0,0,0,0,0,0,0,0,0,0,0,0,0,0,0,0,0,0,0,0,0,0,0,0,0,0,0,0,0,0,0,0,0,0,0,0,0,1,1,0,0,0,0,0,0,0,0,0,0,
5.543788e-02,7.326912e-02,3.363820e-01,6.861238e-02,1.892717e-01,6.609496e-02,2.332051e-01,0,2.406157e-01,2.374846e-01,2.073922e-01,0,4.207932e-01,2.372563e-01,3.071772e-01,0,2.331926e-01,2.396353e-01,4.357213e-01,0,0,1.081597e-01,2.379522e-01,0,4.392551e-01,2.139854e-02,8.979318e-02,2.589505e-01,2.138332e-01,1.470827e-01,5.543788e-02,7.326912e-02,3.073186e-02,7.711626e-02,4.245063e-02,1.584875e-01,2.083806e-01,5.326612e-02,1.126872e-01,6.051902e-02,5.086274e-02,7.685779e-02,0,9.145079e-02,1.399517e-01,0,5.367385e-02,8.784974e-02,6.395105e-02,1.028636e-01,1.573589e-01,6.749838e-02,4.894516e-02,1.152532e-01,
1.145667e-01,4.971099e-02,5.555329e-02,2.491685e-01,4.085317e-01,5.896110e-02,3.998123e-01,0,2.042722e-01,2.953557e-01,3.367813e-01,0,2.773352e-01,1.832134e-01,3.596010e-01,0,4.587664e-01,3.091939e-01,1.534367e-01,2.969591e-01,2.265552e-01,0,0,8.712753e-02,3.288202e-01,1.365775e-01,6.544107e-02,2.003518e-01,3.960844e-02,4.481384e-01,1.145667e-01,4.971099e-02,1.199580e-01,3.116337e-02,1.556798e-01,5.650741e-02,1.959866e-02,1.313057e-01,3.989475e-02,8.748458e-02,1.250313e-01,4.378327e-02,0,7.860299e-02,3.786856e-02,1.205097e-01,1.520493e-01,0,3.855670e-02,1.172106e-01,2.923891e-02,1.953793e-01,1.368255e-01,5.761038e-02,
2.642974e-02,8.661011e-02,2.936789e-01,1.079855e-01,1.844689e-01,9.126741e-02,2.749559e-01,0,2.881739e-01,1.592417e-01,2.689697e-01,0,3.253029e-01,2.238678e-01,3.580101e-01,0,1.034031e-01,3.281406e-01,4.868908e-01,0,3.594188e-01,1.285029e-01,2.204440e-01,0,0,0,1.366717e-01,2.200787e-01,1.796721e-01,1.371982e-01,2.642974e-02,8.661011e-02,3.825830e-02,6.445418e-02,2.170350e-02,1.419932e-01,2.569953e-01,4.965457e-02,6.183837e-02,8.938521e-02,1.135001e-02,1.156159e-01,0,8.156545e-02,9.487685e-02,6.076101e-02,6.488379e-02,1.280910e-01,1.323286e-01,0,2.455934e-01,4.808459e-02,2.535922e-02,1.134018e-01,
5.213704e-02,8.606450e-02,3.436342e-01,1.013801e-01,1.901422e-01,7.341944e-02,3.513659e-01,0,1.215920e-01,4.281961e-01,2.680283e-01,0,4.065944e-01,2.229970e-01,4.201383e-01,0,1.002579e-01,2.741263e-01,5.527534e-01,5.085335e-02,5.164338e-01,1.178422e-01,2.838414e-01,3.231684e-01,5.147379e-02,4.221753e-01,0,0,2.323301e-01,1.545173e-01,5.213704e-02,8.606450e-02,2.460507e-02,7.887662e-02,2.183650e-02,1.350316e-01,1.749402e-01,4.857839e-02,8.065545e-02,7.464651e-02,2.177817e-02,1.061958e-01,0,7.286243e-02,1.764017e-01,6.718285e-02,3.622950e-02,1.404292e-01,1.924721e-01,3.368030e-02,1.496286e-01,0,3.351488e-02,1.206510e-01,
9.019721e-02,4.908388e-02,4.353629e-02,2.051923e-01,3.860359e-01,9.887110e-02,3.638295e-01,0,2.545769e-01,2.949557e-01,3.486471e-01,0,2.274221e-01,2.161899e-01,2.988391e-01,0,5.257230e-01,2.531970e-01,1.569949e-01,3.133775e-01,1.911043e-01,5.451948e-02,4.727430e-01,7.953048e-02,3.624338e-01,1.106477e-01,4.927333e-02,1.982194e-01,0,0,9.019721e-02,4.908388e-02,9.343294e-02,6.461869e-02,1.511808e-01,4.183875e-02,1.608835e-02,1.210825e-01,5.221747e-02,8.625921e-02,1.181315e-01,6.416082e-02,0,6.408514e-02,3.936128e-02,1.247353e-01,1.953995e-01,3.196652e-02,4.044200e-02,1.317306e-01,2.918920e-02,1.872998e-01,1.412211e-01,0,
0,7.533355e-01,1.159759e-02,6.361218e-02,7.405007e-02,1.804163e-01,2.299290e-01,3.980733e-01,6.804368e-02,1.264998e-01,2.635016e-01,2.327533e-01,0,2.666462e-01,2.580664e-01,7.657575e-02,1.738641e-01,1.837176e-01,3.103543e-01,3.187927e-01,5.929869e-01,1.518274e-01,2.809252e-01,2.578736e-01,0,3.476681e-01,2.643984e-01,4.355951e-02,3.248967e-01,1.100720e-01,2.466645e-01,0,6.998971e-02,2.243891e-02,8.926945e-02,8.881803e-02,3.687208e-02,1.403915e-01,7.682866e-02,9.468166e-02,1.038139e-01,5.690827e-02,6.931229e-02,1.087787e-01,0,8.822038e-02,1.314140e-01,3.866230e-02,2.701942e-02,1.260678e-01,1.642318e-02,1.826331e-01,1.155355e-01,3.554206e-02,
5.585748e-02,0,0,0,0,1.865954e-01,2.740257e-01,3.259399e-01,7.151107e-02,1.237377e-01,1.519106e-01,2.914211e-01,0,2.961844e-01,2.286603e-01,7.737852e-02,1.581423e-01,1.605436e-01,3.217548e-01,3.030015e-01,6.046446e-01,1.339245e-01,3.037773e-01,2.716480e-01,0,3.306952e-01,2.325982e-01,5.663488e-02,3.699616e-01,6.766754e-02,5.585748e-02,0,1.260858e-01,0,1.393881e-01,4.135176e-02,3.120551e-02,1.724054e-01,7.729052e-02,9.750386e-02,1.513262e-01,5.745326e-02,5.748840e-02,1.117873e-01,0,9.235389e-02,1.388242e-01,4.281555e-02,1.249077e-02,1.429381e-01,3.506977e-02,2.002696e-01,1.612164e-01,2.736459e-02,
6.619443e-02,4.431790e-02,4.181343e-02,2.918924e-01,3.401509e-01,0,0,4.085348e-01,7.995404e-02,1.118645e-01,3.361513e-01,2.280391e-01,0,1.796373e-01,3.885599e-01,8.072660e-02,1.771928e-01,1.956258e-01,3.234017e-01,3.873160e-01,4.989753e-01,4.895831e-01,4.998568e-02,2.622488e-01,0,2.844661e-01,2.371032e-01,5.021895e-02,9.664243e-02,3.784320e-01,6.619443e-02,4.431790e-02,8.919136e-02,4.964222e-02,1.218570e-01,0,3.303361e-02,1.092252e-01,6.116306e-02,1.217279e-01,1.136937e-01,8.006404e-02,5.274668e-02,7.382674e-02,0,1.137087e-01,1.903052e-01,2.916838e-02,5.498926e-02,1.374227e-01,5.989906e-02,1.689075e-01,1.370044e-01,5.206652e-02,
4.431131e-02,8.768279e-02,1.514171e-01,1.744428e-01,2.633412e-01,2.123784e-01,1.761698e-01,0,0,0,3.354242e-01,4.256384e-01,0,1.753670e-01,1.986422e-01,2.479134e-01,4.665809e-01,0,2.387034e-01,6.127789e-01,2.225084e-01,2.051889e-01,1.496575e-01,2.493312e-01,0,1.668771e-01,1.924117e-01,1.025683e-01,1.293005e-01,2.228949e-01,4.431131e-02,8.768279e-02,3.903276e-02,4.655188e-02,7.652375e-02,9.180666e-02,9.167615e-02,0,4.673372e-02,4.986716e-02,6.623968e-02,6.984167e-02,7.609437e-02,4.436186e-02,0,1.647126e-01,5.590424e-02,1.001225e-01,2.374154e-01,1.462838e-01,2.005277e-01,7.242478e-02,5.153420e-02,1.123375e-01,
1.302204e-01,2.594744e-02,5.910467e-01,9.845003e-02,7.958566e-02,2.219982e-01,2.629795e-01,4.273770e-01,0,1.010739e-01,0,0,0,2.219650e-01,2.196369e-01,2.305634e-01,0,2.807527e-01,3.279307e-01,5.276541e-04,8.572848e-01,1.664923e-01,2.751876e-01,3.499396e-01,0,4.186880e-01,3.328722e-01,1.874432e-03,3.631497e-01,1.230033e-01,1.302204e-01,2.594744e-02,1.048214e-01,2.512657e-02,1.589763e-01,6.012785e-02,2.614159e-02,1.805025e-01,1.276730e-01,0,6.333914e-02,3.955280e-02,5.542966e-02,1.046867e-01,0,1.421876e-01,1.055305e-01,4.983329e-02,1.689364e-02,1.074253e-01,3.856945e-02,2.235846e-01,1.494226e-01,1.804292e-02,
1.296813e-01,4.478148e-02,9.654276e-02,2.805422e-01,2.701891e-01,3.710665e-01,4.246833e-02,3.533768e-01,5.813109e-02,1.003527e-01,3.223587e-01,2.933637e-01,0,0,0,0,1.308523e-01,2.212057e-01,2.735988e-01,3.513782e-01,5.575934e-01,3.523213e-01,9.553445e-02,2.785774e-01,0,3.061124e-01,2.223833e-01,3.757968e-02,1.665898e-01,3.003851e-01,1.296813e-01,4.478148e-02,1.095278e-01,3.610208e-02,1.016582e-01,4.044465e-02,4.326414e-02,1.632166e-01,5.966118e-02,1.130655e-01,7.479258e-02,0,8.539319e-02,1.064770e-01,0,9.102836e-02,1.305712e-01,2.556888e-02,3.831228e-02,1.069266e-01,5.051942e-02,1.970215e-01,1.497721e-01,4.852078e-02,
4.821287e-02,3.772956e-02,2.686219e-01,2.027373e-01,1.762571e-01,3.178456e-01,1.208540e-01,2.276618e-01,0,5.969444e-02,2.635100e-01,3.183536e-01,0,1.357662e-01,4.716611e-02,3.839956e-01,0,0,0,3.166511e-01,5.202811e-01,2.803337e-01,1.526202e-01,2.939744e-01,0,2.395983e-01,1.748482e-01,4.441456e-02,1.706061e-01,2.138766e-01,4.821287e-02,3.772956e-02,9.507881e-02,2.782819e-02,1.463674e-01,3.516758e-02,5.357827e-02,2.350446e-01,6.500523e-02,6.841461e-02,8.768983e-02,4.134488e-02,6.998900e-02,0,0,1.630678e-01,1.310959e-01,3.287265e-02,8.068725e-02,1.118102e-01,9.211405e-02,1.721440e-01,1.003686e-01,4.476302e-02,
0,0,0,0,0,0,0,0,0,0,0,0,0,0,0,0,0,0,0,0,0,0,0,0,0,0,0,0,0,0,0,0,0,0,0,0,0,0,0,0,0,0,0,0,1,1,0,0,0,0,0,0,0,0,
7.542570e-02,4.741869e-02,4.515633e-02,2.105814e-01,3.568029e-01,3.155216e-02,4.714719e-01,3.898506e-01,6.204536e-02,1.164345e-01,3.397693e-01,2.366311e-01,0,1.714837e-01,3.977389e-01,7.060253e-02,1.512826e-01,1.984971e-01,3.322312e-01,3.705888e-01,5.540753e-01,0,0,2.911075e-01,0,2.852494e-01,2.321921e-01,5.178364e-02,6.074237e-02,4.036649e-01,7.542570e-02,4.741869e-02,7.845168e-02,6.591346e-02,1.612062e-01,5.592106e-02,3.314356e-02,1.393953e-01,6.851217e-02,1.063540e-01,1.101054e-01,4.464504e-02,5.992532e-02,7.499870e-02,0,7.533584e-02,1.248632e-01,0,3.233419e-02,1.238817e-01,5.832737e-02,1.760355e-01,1.622765e-01,5.467215e-02,
3.811389e-02,9.648785e-02,8.780131e-02,2.566097e-01,2.728209e-01,2.228124e-01,2.017415e-01,0,4.477187e-01,3.431508e-01,4.858927e-01,3.045481e-01,0,1.091281e-01,2.305292e-01,3.032662e-01,4.936042e-01,0,1.881339e-01,8.118550e-01,3.306926e-04,2.415153e-01,1.435235e-01,0,0,0,9.468507e-02,4.451845e-01,1.111428e-01,2.449101e-01,3.811389e-02,9.648785e-02,4.439198e-02,7.494975e-02,6.500796e-02,1.124985e-01,2.182467e-01,1.566644e-02,4.583291e-03,1.137989e-01,7.109648e-02,9.572903e-02,1.238853e-01,4.996149e-02,0,1.878143e-01,5.697210e-02,1.185849e-01,1.067661e-01,0,1.982609e-01,1.542129e-03,5.287939e-02,1.131709e-01,
3.248641e-02,7.098554e-02,9.398338e-02,2.085109e-01,2.761290e-01,1.899061e-01,1.568154e-01,8.739395e-02,2.529477e-01,4.708305e-01,4.420723e-01,3.070454e-01,0,1.378278e-01,1.975641e-01,2.893649e-01,4.450651e-01,3.845807e-02,2.380299e-01,6.763837e-01,1.669667e-01,2.200675e-01,1.226249e-01,2.050890e-01,0,3.309892e-01,0,0,1.115375e-01,2.208759e-01,3.248641e-02,7.098554e-02,2.179946e-02,9.611473e-02,4.354883e-02,1.144590e-01,1.796954e-01,1.867741e-02,2.613244e-02,8.583994e-02,7.986885e-02,9.155879e-02,7.376577e-02,3.601698e-02,0,1.566496e-01,5.411446e-02,8.911338e-02,1.936441e-01,7.748022e-02,1.981803e-01,0,6.573753e-02,1.320780e-01,
1.136144e-01,6.744361e-02,4.386559e-02,2.026014e-01,3.960078e-01,1.221251e-01,4.077184e-01,4.300441e-01,6.153440e-02,8.755459e-02,3.099236e-01,2.338569e-01,0,2.303484e-01,3.377183e-01,7.883978e-02,1.626176e-01,2.410213e-01,2.938334e-01,3.087013e-01,5.758556e-01,4.474232e-02,4.851705e-01,2.608425e-01,0,3.372014e-01,2.862783e-01,3.698028e-02,0,0,1.136144e-01,6.744361e-02,1.184857e-01,6.245362e-02,1.922569e-01,4.487404e-02,2.282403e-02,1.534294e-01,6.920442e-02,1.190121e-01,6.884788e-02,4.050131e-02,5.582036e-02,1.010888e-01,0,1.154432e-01,1.376236e-01,1.542930e-02,4.620354e-02,1.225298e-01,3.645760e-02,1.379550e-01,1.188217e-01,0,
0,6.758984e-01,1.615381e-01,6.733564e-02,1.623425e-02,4.213929e-01,0,2.000623e-01,2.066471e-01,1.970546e-01,3.924778e-01,1.545743e-01,1.422859e-01,2.471796e-01,1.599717e-02,3.626505e-01,3.301382e-01,1.757538e-01,1.925174e-01,3.255816e-01,1.671238e-01,5.225056e-01,3.391582e-01,1.284720e-01,3.559918e-01,1.370942e-01,1.453530e-01,2.303634e-01,2.349108e-01,0,3.241016e-01,0,5.664038e-02,1.020219e-02,2.425858e-02,1.413684e-01,7.482246e-02,7.502161e-02,6.221682e-02,3.575230e-02,3.530622e-02,9.072494e-02,6.433560e-02,8.321337e-02,7.243366e-02,7.800598e-02,0,1.383362e-01,8.331633e-02,6.589259e-02,1.298756e-01,8.830805e-02,4.638468e-02,1.668663e-01,
7.621619e-02,0,0,0,0,4.851268e-01,0,2.570758e-01,1.778035e-01,1.831513e-01,4.783511e-01,7.024588e-02,1.079871e-01,2.507774e-01,0,3.989342e-01,2.765445e-01,2.584975e-01,2.258495e-01,3.455436e-01,1.343814e-01,5.666446e-01,1.915431e-01,9.896912e-02,3.276419e-01,1.211381e-01,1.365517e-01,2.244569e-01,7.512769e-02,0,7.621619e-02,0,1.195276e-01,0,4.228564e-02,1.238035e-01,1.353286e-01,2.936332e-02,8.557444e-02,3.303154e-02,4.302006e-02,1.042846e-01,8.680184e-02,5.216629e-02,1.194228e-01,7.512681e-02,0,2.418123e-01,8.100738e-02,6.990012e-02,1.188587e-01,6.213949e-02,7.415739e-02,1.905728e-01,
4.628654e-02,7.752979e-02,3.899670e-01,2.768526e-01,0,0,0,4.056620e-01,1.252708e-01,1.195355e-01,1.893263e-01,2.393286e-01,2.617146e-01,0,7.837222e-01,5.761490e-02,1.551860e-01,1.156755e-01,4.671004e-01,1.844628e-01,3.138363e-01,9.032436e-03,7.562263e-01,2.173008e-01,1.924727e-01,2.163345e-01,2.640695e-01,1.197665e-01,5.486860e-01,0,4.628654e-02,7.752979e-02,3.731148e-02,7.726095e-02,2.072453e-01,0,7.706478e-02,6.315289e-02,5.263535e-02,5.237116e-02,1.117502e-01,1.436607e-02,6.464131e-02,2.928481e-02,1.114979e-01,6.738619e-02,0,2.347412e-01,1.135257e-01,4.629132e-02,1.312885e-01,8.332249e-02,2.248138e-02,2.300217e-01,
4.125770e-02,7.442505e-02,3.405627e-01,2.103147e-01,2.397512e-02,3.793290e-01,0,0,0,0,6.583133e-02,2.042112e-01,3.697908e-01,2.134893e-01,3.176131e-02,3.258411e-01,3.064038e-01,1.978923e-01,3.753509e-02,9.996705e-02,3.982503e-01,4.363453e-01,4.507912e-01,2.533361e-01,4.895878e-02,2.768571e-01,3.298584e-01,6.676041e-02,3.831880e-01,0,4.125770e-02,7.442505e-02,3.213250e-02,8.662130e-02,4.236101e-02,1.311387e-01,1.104017e-01,0,9.644305e-02,9.503179e-02,6.791223e-02,1.239992e-01,1.072570e-01,9.547812e-02,1.252805e-01,4.581267e-02,0,1.128635e-01,1.398294e-01,2.568803e-02,1.392465e-01,1.948478e-02,4.638782e-02,1.379662e-01,
5.252124e-02,1.298608e-01,1.679677e-01,2.160466e-01,7.851464e-02,3.928565e-01,0,3.105816e-01,2.031955e-01,1.814784e-01,0,0,0,2.786579e-01,3.265177e-02,3.514498e-01,3.237012e-01,3.152401e-01,7.642209e-02,4.535987e-01,7.465530e-02,5.013565e-01,3.787181e-01,1.580024e-01,3.962582e-01,9.291058e-02,1.661624e-01,2.584006e-01,3.188281e-01,0,5.252124e-02,1.298608e-01,4.997722e-02,1.075947e-01,3.217128e-02,1.733230e-01,7.510208e-02,2.771253e-02,6.319354e-02,0,6.460453e-02,8.717036e-02,1.063269e-01,5.299488e-02,1.533082e-01,2.131249e-02,0,1.199254e-01,1.515815e-01,4.066172e-02,1.863883e-01,3.621432e-02,5.223481e-02,1.906394e-01,
5.676521e-02,3.646767e-02,3.657631e-01,2.502884e-01,0,1.179657e-01,0,3.808811e-01,1.158018e-01,8.810831e-02,2.175054e-01,2.347776e-01,2.498675e-01,0,0,0,9.705440e-02,1.080575e-01,4.693414e-01,1.866263e-01,2.768432e-01,2.141563e-01,5.780664e-01,1.812136e-01,1.745322e-01,1.841362e-01,2.106945e-01,9.474622e-02,3.863137e-01,0,5.676521e-02,3.646767e-02,4.575178e-02,5.381694e-02,1.037798e-01,1.999704e-01,1.308462e-01,3.501739e-02,7.036869e-02,2.866512e-02,1.624045e-01,0,7.810973e-02,1.931513e-02,1.108168e-01,7.174701e-02,0,2.077773e-01,9.325445e-02,4.076368e-02,1.013282e-01,6.813205e-02,2.818116e-02,2.199339e-01,
3.100972e-02,8.595129e-02,3.319295e-01,1.816316e-01,3.699251e-02,3.278450e-01,0,4.918938e-01,7.585681e-02,6.269219e-02,7.596159e-02,2.513165e-01,2.906085e-01,2.285936e-01,3.514625e-02,1.930873e-01,0,0,0,2.293193e-01,3.257555e-01,4.057882e-01,4.323288e-01,2.577403e-01,1.945244e-01,2.049323e-01,2.616529e-01,1.303122e-01,3.417917e-01,0,3.100972e-02,8.595129e-02,4.858367e-02,8.943538e-02,6.589462e-02,1.789840e-01,1.286752e-01,1.762572e-02,1.067794e-01,5.014177e-02,6.920275e-02,1.218522e-01,6.370250e-02,0,1.172103e-01,4.726827e-02,0,1.618830e-01,1.398567e-01,1.458423e-02,1.648157e-01,4.047505e-02,5.413093e-02,1.816606e-01,
6.056515e-02,8.427669e-02,3.371887e-01,2.066057e-01,4.606999e-02,4.135202e-01,0,1.620291e-01,2.731182e-01,2.526405e-01,5.083415e-02,2.066540e-01,3.754621e-01,2.303366e-01,3.225550e-02,3.609302e-01,4.276969e-01,2.473205e-01,6.414295e-02,0,0,4.730686e-01,4.095368e-01,6.891075e-02,5.421108e-01,3.865925e-02,1.092396e-01,2.892232e-01,3.567964e-01,0,6.056515e-02,8.427669e-02,7.152982e-02,9.592096e-02,3.826697e-02,1.300708e-01,1.313990e-01,4.945841e-02,1.226312e-01,7.419013e-02,5.063306e-02,1.113797e-01,7.416467e-02,6.461761e-02,8.242716e-02,0,0,1.173946e-01,1.418945e-01,5.455520e-02,1.471760e-01,4.001299e-02,4.863088e-02,1.474412e-01,
0,0,0,0,0,0,0,0,0,0,0,0,0,0,0,0,0,0,0,0,0,0,0,0,0,0,0,0,0,0,0,0,0,0,0,0,0,0,0,0,0,0,0,0,0,0,1,1,0,0,0,0,0,0,
5.401426e-02,9.191634e-02,2.997277e-01,2.587471e-01,4.061909e-02,3.629099e-01,0,5.805030e-02,3.134858e-01,2.853166e-01,7.102870e-02,2.299884e-01,2.873667e-01,1.943133e-01,5.131524e-02,3.625798e-01,4.837680e-01,1.933982e-01,3.826189e-02,6.754656e-02,2.982226e-01,4.193597e-01,4.490149e-01,0,0,0,9.562975e-02,3.149117e-01,3.831446e-01,0,5.401426e-02,9.191634e-02,6.501856e-02,7.650918e-02,5.592243e-02,1.636875e-01,1.231256e-01,4.567062e-02,1.083682e-01,8.065688e-02,6.204680e-02,1.137574e-01,1.124489e-01,4.763925e-02,1.314441e-01,5.304167e-02,0,1.316254e-01,7.337990e-02,0,1.398223e-01,1.459749e-02,4.784976e-02,1.543391e-01,
6.427249e-02,8.065289e-02,3.122379e-01,2.438655e-01,4.595964e-02,3.744337e-01,0,4.640175e-02,2.382445e-01,4.111325e-01,5.806678e-02,2.489730e-01,3.693719e-01,2.176964e-01,4.384619e-02,3.387011e-01,3.894838e-01,2.202232e-01,4.706568e-02,9.059448e-02,3.900813e-01,3.902939e-01,4.547863e-01,1.892095e-01,4.760575e-02,4.793565e-01,0,0,3.903543e-01,0,6.427249e-02,8.065289e-02,4.932453e-02,9.699847e-02,5.449742e-02,1.142038e-01,1.515002e-01,3.441466e-02,1.103127e-01,5.695666e-02,4.703625e-02,1.121575e-01,9.960052e-02,7.690367e-02,1.349349e-01,7.123674e-02,0,1.549198e-01,1.224071e-01,3.456128e-02,1.095110e-01,0,3.075039e-02,1.411421e-01,
1.402360e-01,2.641532e-02,7.314254e-02,0,7.602046e-01,5.913845e-01,0,1.751029e-01,1.825891e-01,2.163203e-01,4.349154e-01,9.950406e-02,1.619226e-01,2.575157e-01,0,4.591647e-01,3.452083e-01,2.406419e-01,1.484041e-01,3.708918e-01,1.702377e-01,8.115449e-01,1.199336e-02,1.118975e-01,3.848372e-01,1.364727e-01,1.421195e-01,2.238790e-01,0,0,1.402360e-01,2.641532e-02,6.984663e-02,4.275133e-02,8.319284e-03,2.284798e-01,7.142670e-02,9.663971e-02,7.640172e-02,6.473584e-02,4.672413e-02,6.983232e-02,5.680007e-02,5.631736e-02,6.547413e-02,7.110449e-02,0,1.764617e-01,1.210444e-01,6.454281e-02,9.236530e-02,7.915980e-02,2.278021e-01,0,
0,7.644147e-01,2.030483e-02,6.793073e-02,5.710527e-02,1.717945e-01,3.058172e-01,4.479182e-01,0,9.992914e-02,2.669670e-01,1.699451e-01,7.369168e-02,2.498514e-01,2.779173e-01,7.123115e-02,5.688804e-02,2.611581e-01,3.183880e-01,2.538700e-01,0,1.269059e-01,3.211714e-01,3.393580e-01,2.800538e-01,3.021369e-01,2.416213e-01,0,3.421628e-01,8.685823e-02,2.355853e-01,0,7.425930e-02,2.348497e-02,1.271832e-01,5.439468e-02,3.169978e-02,1.217198e-01,6.204284e-02,8.677193e-02,1.081158e-01,6.722918e-02,4.798034e-02,1.006406e-01,5.175344e-02,1.516289e-01,1.091719e-01,5.377007e-02,0,7.845126e-02,1.175159e-02,1.721964e-01,1.150214e-01,6.427706e-02,
8.519678e-02,0,0,0,0,1.911405e-01,2.651937e-01,4.275378e-01,0,1.403313e-01,1.975783e-01,1.957347e-01,6.738328e-02,2.888117e-01,2.633466e-01,6.488413e-02,4.844605e-02,2.166213e-01,3.623447e-01,2.367495e-01,0,1.189519e-01,2.832588e-01,3.800995e-01,2.296501e-01,3.083945e-01,2.612993e-01,0,3.364555e-01,4.723594e-02,8.519678e-02,0,9.195781e-02,0,1.272852e-01,5.324954e-02,2.997529e-02,1.519510e-01,1.051052e-01,9.777969e-02,1.110317e-01,4.747446e-02,5.269638e-02,1.134411e-01,8.295670e-02,1.432406e-01,1.423053e-01,5.252426e-02,0,8.185588e-02,1.505389e-02,2.024804e-01,1.299493e-01,2.951667e-02,
7.457361e-02,3.979601e-02,6.404620e-02,2.595794e-01,3.644600e-01,0,0,4.075355e-01,0,1.284040e-01,3.511403e-01,2.083483e-01,7.127556e-02,1.520941e-01,3.913585e-01,4.914460e-02,6.332318e-02,2.860942e-01,2.818781e-01,2.816940e-01,0,4.918136e-01,4.363941e-02,3.137343e-01,2.910497e-01,3.130350e-01,2.657926e-01,0,1.040041e-01,4.161519e-01,7.457361e-02,3.979601e-02,1.070171e-01,6.094757e-02,1.168279e-01,0,3.242234e-02,1.393328e-01,8.149258e-02,8.256278e-02,1.240999e-01,7.296025e-02,6.132265e-02,9.505564e-02,5.402168e-02,1.346529e-01,1.473973e-01,2.809620e-02,0,8.218104e-02,2.511495e-02,2.007614e-01,1.490100e-01,3.695340e-02,
7.616753e-02,5.185224e-02,1.743412e-01,2.276073e-01,2.110945e-01,2.533357e-01,1.943298e-01,0,0,0,3.597220e-01,3.158446e-01,0,8.073558e-02,1.742416e-01,4.045478e-01,6.779967e-01,0,1.087949e-01,5.325821e-01,0,2.093697e-01,1.712116e-01,2.128407e-02,6.677648e-01,1.779609e-01,1.908335e-01,0,1.615822e-01,2.259056e-01,7.616753e-02,5.185224e-02,3.043633e-02,4.374847e-02,1.092424e-01,4.518819e-02,1.098857e-01,0,5.969006e-02,9.104667e-02,1.199877e-01,5.020080e-02,1.054366e-01,3.903724e-02,1.054824e-02,1.457310e-01,6.633934e-02,1.059935e-01,0,1.329902e-01,1.806273e-01,1.677547e-01,8.906806e-02,8.388629e-02,
1.126405e-01,3.150070e-02,4.941370e-01,1.175725e-01,6.079129e-02,1.682957e-01,2.472418e-01,4.197344e-01,0,8.844483e-02,0,0,0,2.442618e-01,2.423823e-01,2.342888e-01,0,2.697832e-01,3.997874e-01,1.326841e-01,0,1.300326e-01,2.587387e-01,3.505377e-01,9.059974e-02,4.415234e-01,3.455881e-01,0,3.131286e-01,9.962707e-02,1.126405e-01,3.150070e-02,6.642641e-02,3.245579e-02,9.869147e-02,5.556890e-02,2.431958e-02,2.122661e-01,1.033956e-01,0,9.299443e-02,5.771718e-02,6.043324e-02,4.488581e-02,1.324626e-01,9.037823e-02,1.207227e-01,7.882027e-02,0,1.173391e-01,3.774829e-02,2.221285e-01,1.341894e-01,4.096375e-02,
1.061042e-01,7.331300e-02,7.979357e-02,2.899201e-01,2.094966e-01,4.189353e-01,6.521321e-02,3.982569e-01,0,1.074850e-01,3.387585e-01,1.964200e-01,5.176985e-02,0,0,0,6.425635e-02,2.803812e-01,2.002406e-01,2.803828e-01,0,3.472852e-01,1.134440e-01,3.040584e-01,3.139960e-01,3.097201e-01,2.712796e-01,0,1.565515e-01,2.744955e-01,1.061042e-01,7.331300e-02,8.023564e-02,2.912658e-02,1.576946e-01,2.083126e-02,2.848199e-02,1.623345e-01,5.735509e-02,1.109643e-01,9.090403e-02,0,8.203329e-02,1.318321e-01,3.948042e-02,1.248634e-01,1.462365e-01,2.521600e-02,0,7.222550e-02,4.908031e-02,1.950057e-01,1.328100e-01,2.470353e-02,
6.804301e-02,1.964441e-02,2.807426e-01,2.966200e-01,1.779669e-01,3.141750e-01,8.780926e-02,9.957439e-02,0,1.274879e-01,2.718504e-01,3.159221e-01,0,9.888085e-02,6.770685e-02,5.269104e-01,0,0,0,3.180502e-01,0,2.673264e-01,1.729632e-01,2.453537e-01,3.669981e-01,2.509467e-01,1.785196e-01,0,2.301190e-01,2.370750e-01,6.804301e-02,1.964441e-02,1.292596e-01,2.317897e-02,1.046401e-01,3.768907e-02,4.252131e-02,2.393323e-01,8.148383e-02,9.250407e-02,1.116866e-01,2.898351e-02,5.759315e-02,0,6.392716e-02,1.128751e-01,1.357821e-01,2.037678e-02,0,1.367016e-01,5.355320e-02,2.534681e-01,1.432066e-01,2.694271e-02,
9.137973e-02,2.872466e-02,4.435247e-01,8.632771e-02,1.421328e-01,1.645483e-01,2.698040e-01,5.664105e-01,0,1.104156e-01,9.176279e-02,0,7.783503e-01,2.347494e-01,2.982421e-01,1.539909e-01,0,2.924568e-01,4.241041e-01,0,0,1.451359e-01,2.607168e-01,4.653719e-01,9.156942e-04,4.417797e-01,3.513617e-01,0,2.469213e-01,1.629458e-01,9.137973e-02,2.872466e-02,8.108868e-02,4.519203e-02,8.947024e-02,9.849599e-02,1.339531e-02,1.533029e-01,1.535120e-01,1.938035e-02,9.769189e-02,8.568957e-02,6.008483e-02,6.392524e-02,2.207340e-01,0,7.788871e-02,1.047859e-01,0,9.193266e-02,4.282996e-03,2.051166e-01,7.671468e-02,6.969718e-02,
7.833458e-02,5.313855e-02,5.954665e-02,2.208986e-01,4.050031e-01,6.906342e-02,4.388614e-01,4.208017e-01,0,9.093222e-02,3.399790e-01,1.995537e-01,5.976815e-02,2.165410e-01,3.886771e-01,5.651689e-02,5.874540e-02,2.649942e-01,3.358822e-01,2.965284e-01,0,0,0,2.982886e-01,3.011166e-01,3.087976e-01,2.952545e-01,0,3.963250e-02,4.607844e-01,7.833458e-02,5.313855e-02,9.791814e-02,3.381832e-02,1.601679e-01,4.092017e-02,3.753970e-02,1.780944e-01,8.564273e-02,1.074111e-01,8.568958e-02,4.979878e-02,6.741505e-02,8.466556e-02,7.562323e-02,1.399796e-01,1.003542e-01,0,0,9.179711e-02,3.422062e-02,1.386959e-01,1.432419e-01,4.782799e-02,
0,0,0,0,0,0,0,0,0,0,0,0,0,0,0,0,0,0,0,0,0,0,0,0,0,0,0,0,0,0,0,0,0,0,0,0,0,0,0,0,0,0,0,0,0,0,0,0,1,1,0,0,0,0,
3.257085e-02,6.169179e-02,1.296460e-01,1.955412e-01,2.718568e-01,2.432632e-01,1.296795e-01,1.775321e-01,0,5.973457e-01,4.021367e-01,2.788418e-01,1.413851e-02,1.405814e-01,1.691366e-01,3.377167e-01,4.910781e-01,7.945167e-02,2.338379e-01,5.555142e-01,0,2.439938e-01,1.354513e-01,1.800210e-01,6.857022e-01,2.500767e-03,0,0,1.405833e-01,2.376588e-01,3.257085e-02,6.169179e-02,4.954756e-02,1.066841e-01,7.127783e-02,1.114656e-01,1.112726e-01,7.493821e-03,4.166455e-02,1.111593e-01,4.243688e-02,6.764443e-02,5.439230e-02,4.411526e-02,1.391581e-02,1.582423e-01,1.076198e-01,9.551293e-02,0,1.317761e-01,4.001535e-01,0,5.848125e-02,8.754721e-02,
9.912687e-02,6.474939e-02,2.974710e-02,1.729329e-01,4.428991e-01,1.157825e-01,3.683104e-01,4.556984e-01,0,8.139290e-02,3.308917e-01,1.717903e-01,6.297596e-02,2.608425e-01,3.132463e-01,7.360769e-02,4.953910e-02,2.722047e-01,3.456723e-01,2.884273e-01,0,6.972144e-02,4.310331e-01,3.398462e-01,2.939869e-01,2.841785e-01,2.773703e-01,0,0,0,9.912687e-02,6.474939e-02,8.056793e-02,6.110046e-02,1.425626e-01,4.143740e-02,1.948678e-02,1.491510e-01,6.365207e-02,8.837326e-02,8.011363e-02,6.680484e-02,5.769104e-02,9.137137e-02,7.310529e-02,1.416409e-01,1.825578e-01,5.011363e-02,0,8.198834e-02,4.730033e-02,1.355015e-01,1.260678e-01,0,
0,7.747075e-01,1.423896e-02,4.374943e-02,7.838567e-02,1.919741e-01,2.412304e-01,4.115966e-01,2.141870e-01,0,2.982472e-01,2.213898e-01,7.224980e-02,2.509193e-01,2.736227e-01,9.010041e-02,2.885474e-02,2.283252e-01,3.678014e-01,3.438977e-01,2.618589e-02,1.500492e-01,2.628706e-01,2.568011e-01,3.614514e-01,0,4.419065e-01,4.794570e-01,2.993752e-01,1.124860e-01,2.252925e-01,0,8.170477e-02,1.916493e-02,9.111293e-02,8.158033e-02,1.619291e-02,1.179716e-01,9.710397e-02,9.167894e-02,9.212768e-02,8.101011e-02,3.460692e-02,1.327125e-01,6.714575e-02,1.307634e-01,1.315518e-01,7.234842e-02,2.167744e-02,1.232548e-01,0,7.863655e-02,1.222023e-01,5.159749e-02,
6.763465e-02,0,0,0,0,1.782570e-01,2.861170e-01,3.941888e-01,1.855162e-01,0,2.036195e-01,1.985121e-01,8.832637e-02,2.578689e-01,2.641731e-01,5.651102e-02,3.462745e-02,2.278771e-01,3.542868e-01,2.991963e-01,4.222481e-02,1.267265e-01,3.118710e-01,2.307769e-01,3.427638e-01,0,4.306044e-01,4.572213e-01,3.659113e-01,6.520447e-02,6.763465e-02,0,1.049657e-01,0,1.249477e-01,5.147321e-02,3.198891e-02,1.482927e-01,8.280494e-02,1.194204e-01,1.045029e-01,5.849375e-02,6.671157e-02,9.913216e-02,6.383697e-02,1.535060e-01,1.356622e-01,4.838616e-02,2.908278e-02,1.405044e-01,0,1.121743e-01,1.545473e-01,3.530248e-02,
1.027576e-01,5.579965e-02,6.994978e-02,2.170755e-01,4.041212e-01,0,0,3.852661e-01,2.384710e-01,0,2.800196e-01,2.445741e-01,8.007289e-02,2.318292e-01,3.836189e-01,1.562616e-02,2.501216e-02,2.022286e-01,3.681000e-01,3.521277e-01,3.872286e-02,5.034533e-01,4.300701e-02,2.448030e-01,3.791935e-01,0,4.446554e-01,4.322990e-01,9.127414e-02,4.221629e-01,1.027576e-01,5.579965e-02,9.029551e-02,4.922992e-02,1.129278e-01,0,4.845519e-02,1.391886e-01,7.269685e-02,9.233634e-02,1.136339e-01,6.773505e-02,7.376334e-02,1.238890e-01,5.862848e-02,1.270443e-01,1.444453e-01,2.014785e-02,3.227192e-02,1.177683e-01,0,1.230456e-01,1.287737e-01,6.246486e-02,
1.070966e-01,4.586188e-02,2.190807e-01,2.110973e-01,2.273128e-01,3.643204e-01,1.031631e-01,0,0,0,2.495067e-01,2.759197e-01,1.687730e-01,1.181999e-01,6.669949e-02,5.065653e-01,6.773487e-01,9.236580e-02,9.668872e-02,4.069794e-01,1.690706e-01,3.347296e-01,1.462835e-01,1.803992e-01,5.127297e-01,0,1.726673e-02,6.386737e-01,1.936197e-01,2.546248e-01,1.070966e-01,4.586188e-02,6.503169e-02,3.010190e-02,1.020728e-01,3.601826e-02,1.249854e-01,0,7.644128e-02,1.006677e-01,5.530856e-02,3.595026e-02,9.015007e-02,6.231910e-03,3.529369e-02,1.407464e-01,1.436984e-01,2.047332e-02,2.810373e-02,1.427192e-01,0,3.440596e-01,1.281610e-01,5.351272e-02,
9.946147e-02,3.632322e-02,3.945005e-01,1.337895e-01,8.703618e-02,2.227363e-01,2.257997e-01,3.558001e-01,2.063093e-01,0,0,0,0,1.962456e-01,1.874291e-01,3.199451e-01,6.898702e-02,2.981698e-01,2.984490e-01,2.189095e-01,7.051311e-03,2.038510e-01,2.590235e-01,2.273041e-01,3.281875e-01,0,3.882697e-01,4.200910e-01,2.915628e-01,1.451370e-01,9.946147e-02,3.632322e-02,8.732156e-02,2.294207e-02,1.031511e-01,4.589516e-02,2.899184e-02,1.514432e-01,8.842024e-02,0,8.536181e-02,3.671681e-02,7.505605e-02,8.519547e-02,9.593110e-02,1.981578e-01,1.293573e-01,3.741954e-02,5.178096e-02,1.297409e-01,0,1.916393e-01,1.287789e-01,3.813868e-02,
1.170020e-01,5.248851e-02,1.087756e-01,2.898930e-01,2.471936e-01,3.740399e-01,5.693756e-02,3.102660e-01,2.469571e-01,0,3.433268e-01,2.438241e-01,8.798823e-02,0,0,0,3.485815e-02,2.117970e-01,2.439318e-01,3.717371e-01,4.777978e-02,3.184137e-01,1.309737e-01,1.975126e-01,4.277994e-01,0,4.360436e-01,4.364863e-01,1.969667e-01,2.789959e-01,1.170020e-01,5.248851e-02,8.736623e-02,4.631110e-02,1.350327e-01,2.246896e-02,4.554763e-02,1.567389e-01,7.635422e-02,9.352474e-02,9.213529e-02,0,7.921606e-02,1.427193e-01,3.423820e-02,1.305089e-01,1.371333e-01,2.367944e-02,3.162359e-02,1.375348e-01,0,1.274701e-01,1.342640e-01,3.646860e-02,
1.209637e-01,3.324471e-02,2.524697e-01,2.780324e-01,1.696312e-01,3.318418e-01,9.879031e-02,8.693146e-02,3.204751e-01,0,2.743537e-01,2.880887e-01,2.772702e-02,1.107978e-01,6.420372e-02,5.246707e-01,0,0,0,3.417281e-01,3.834385e-02,2.639165e-01,1.207165e-01,1.524922e-01,4.242445e-01,0,4.338238e-01,4.098261e-01,1.631490e-01,2.021294e-01,1.209637e-01,3.324471e-02,1.098557e-01,4.574184e-02,1.215108e-01,1.899899e-02,5.287281e-02,2.317823e-01,8.437216e-02,8.840055e-02,1.020839e-01,1.228588e-02,1.003092e-01,0,6.454254e-02,1.364421e-01,1.145983e-01,3.088498e-02,1.779764e-02,2.097059e-01,0,1.563501e-01,9.977716e-02,2.484649e-02,
6.464238e-02,3.340232e-02,4.286016e-01,1.599687e-01,1.060036e-01,1.519721e-01,2.116016e-01,4.980163e-01,1.738821e-01,0,1.213130e-01,3.191128e-02,6.370083e-01,2.289758e-01,2.181883e-01,1.990007e-01,7.061432e-02,3.324656e-01,3.140695e-01,0,0,1.004297e-01,2.183417e-01,2.689618e-01,1.647186e-01,0,4.668109e-01,3.423628e-01,2.499696e-01,1.142334e-01,6.464238e-02,3.340232e-02,9.897005e-02,3.589465e-02,1.085443e-01,6.358853e-02,2.084600e-02,1.553346e-01,6.036719e-02,3.120167e-02,7.841700e-02,5.826262e-02,5.554269e-02,6.732157e-02,1.982731e-01,0,9.993473e-02,1.069983e-01,9.620603e-02,1.787705e-01,0,1.908263e-01,9.522073e-02,5.536309e-02,
9.466915e-02,5.641228e-02,7.800106e-02,1.996911e-01,4.053999e-01,4.798486e-02,4.397891e-01,4.084319e-01,2.324989e-01,0,3.100606e-01,2.218339e-01,9.059108e-02,2.461519e-01,3.699503e-01,3.790800e-02,4.373994e-02,2.460015e-01,3.552311e-01,3.552394e-01,5.923478e-02,0,0,2.259162e-01,3.738805e-01,0,4.667272e-01,4.313934e-01,4.168984e-02,4.517466e-01,9.466915e-02,5.641228e-02,1.155448e-01,6.861202e-02,1.671015e-01,4.927783e-02,3.185393e-02,1.273064e-01,4.809303e-02,1.048494e-01,1.096427e-01,5.853945e-02,7.726207e-02,1.004634e-01,6.659170e-02,1.165890e-01,1.084643e-01,0,2.349431e-02,1.468247e-01,0,1.018794e-01,1.306115e-01,4.257496e-02,
8.977071e-02,5.342231e-02,3.963288e-01,1.350881e-01,1.205593e-01,1.797997e-01,1.809379e-01,4.870664e-01,1.956006e-01,0,1.215345e-01,8.918376e-02,5.040861e-01,1.983635e-01,1.918837e-01,2.108737e-01,1.804763e-01,2.455512e-01,3.098047e-01,7.170781e-03,6.409385e-01,1.383134e-01,1.980707e-01,0,0,0,6.372128e-01,1.786909e-02,2.288227e-01,1.411223e-01,8.977071e-02,5.342231e-02,1.104131e-01,4.350590e-02,9.456071e-02,6.402020e-02,2.054830e-02,1.555704e-01,9.662273e-02,3.086913e-02,6.313903e-02,8.671063e-02,2.773272e-02,7.902432e-02,1.551373e-01,1.111418e-02,5.775854e-02,4.343468e-02,1.455918e-01,0,0,3.449181e-01,9.338813e-02,4.207311e-02,
0,0,0,0,0,0,0,0,0,0,0,0,0,0,0,0,0,0,0,0,0,0,0,0,0,0,0,0,0,0,0,0,0,0,0,0,0,0,0,0,0,0,0,0,0,0,0,0,0,0,1,1,0,0,
9.689306e-02,5.285469e-02,4.470818e-02,1.738532e-01,4.532163e-01,1.005485e-01,3.935390e-01,3.503718e-01,2.247338e-01,0,3.322961e-01,2.185455e-01,5.841223e-02,2.571134e-01,3.641080e-01,6.074349e-02,3.171363e-02,2.208590e-01,3.605468e-01,3.565869e-01,3.582782e-02,5.873313e-02,4.464966e-01,2.217218e-01,4.099908e-01,0,4.391396e-01,4.634187e-01,0,0,9.689306e-02,5.285469e-02,9.564930e-02,5.731948e-02,1.149220e-01,4.367557e-02,2.253391e-02,1.400033e-01,8.045512e-02,9.335539e-02,1.041285e-01,5.711203e-02,9.615211e-02,1.126935e-01,7.177521e-02,1.477635e-01,1.549496e-01,4.325886e-02,2.431935e-02,1.165871e-01,0,9.744172e-02,1.002871e-01,0,
0,7.016324e-01,1.227821e-01,8.564335e-02,0,3.668320e-01,1.007642e-02,2.343351e-01,2.111300e-01,1.541263e-01,4.402571e-01,1.214843e-01,1.251089e-01,2.685065e-01,2.036017e-02,3.536107e-01,2.989651e-01,2.138103e-01,2.058659e-01,3.161535e-01,1.595864e-01,4.889021e-01,0,1.253127e-01,3.009770e-01,1.354162e-01,1.586392e-01,1.674128e-01,1.652395e-01,6.266410e-01,2.983676e-01,0,5.009188e-02,1.403710e-02,2.586682e-02,1.582207e-01,7.944704e-02,6.277275e-02,8.448196e-02,5.037764e-02,6.231827e-02,7.818215e-02,5.633708e-02,4.712578e-02,9.891202e-02,4.925801e-02,1.377652e-02,1.615919e-01,9.700753e-02,7.343073e-02,1.236160e-01,8.710655e-02,0,2.081196e-01,
1.066528e-01,0,0,0,0,4.155708e-01,0,2.414281e-01,1.702822e-01,1.390163e-01,5.015640e-01,9.969015e-02,7.875891e-02,2.848513e-01,0,3.233047e-01,1.957591e-01,2.674103e-01,2.307825e-01,3.642571e-01,1.302596e-01,4.853614e-01,0,1.067875e-01,3.095672e-01,1.122552e-01,1.676199e-01,1.633892e-01,8.529606e-03,7.648477e-01,1.066528e-01,0,9.840224e-02,0,5.333246e-02,1.231231e-01,1.250398e-01,4.447965e-02,9.213618e-02,4.379054e-02,4.544955e-02,8.364676e-02,7.764006e-02,4.811116e-02,1.222557e-01,1.606511e-02,1.432745e-02,2.938138e-01,9.229937e-02,2.762047e-02,1.542343e-01,7.449667e-02,0,2.266227e-01,
1.015844e-02,9.874217e-02,3.739147e-01,2.624360e-01,0,0,0,3.583557e-01,1.188140e-01,1.320474e-01,1.291938e-01,2.273054e-01,2.788546e-01,0,6.681409e-01,1.061006e-01,1.628440e-01,8.384869e-02,4.731367e-01,1.695934e-01,2.887101e-01,1.966901e-01,0,1.975239e-01,1.755680e-01,2.018823e-01,2.019246e-01,1.550839e-01,6.338741e-01,2.142473e-01,1.015844e-02,9.874217e-02,3.209679e-02,7.023024e-02,1.351690e-01,0,1.054863e-01,5.856165e-02,6.455984e-02,5.656282e-02,7.211473e-02,3.344586e-02,6.178821e-02,3.372048e-02,1.005805e-01,9.669967e-02,1.897642e-01,2.073213e-01,9.861762e-02,8.625139e-02,1.142421e-01,9.116340e-02,0,1.518786e-01,
5.336793e-02,1.221805e-01,3.289740e-01,2.165649e-01,0,4.063576e-01,3.710416e-02,0,0,0,5.822401e-02,2.059178e-01,4.134334e-01,2.129107e-01,8.499555e-02,3.495380e-01,2.487564e-01,2.634599e-01,6.988259e-02,8.369586e-02,4.638044e-01,4.070475e-01,0,3.011931e-01,4.863954e-02,3.277165e-01,3.378253e-01,9.833016e-02,4.151789e-01,4.674629e-01,5.336793e-02,1.221805e-01,3.425968e-02,1.062218e-01,6.920749e-02,1.177888e-01,1.122252e-01,0,6.611619e-02,6.467071e-02,4.689715e-02,9.225805e-02,1.095314e-01,8.288834e-02,1.431665e-01,5.773907e-02,3.554798e-02,1.330675e-01,1.444589e-01,2.904437e-02,1.495295e-01,4.109059e-02,0,1.173582e-01,
5.539794e-02,1.326799e-01,1.555122e-01,2.849675e-01,0,3.307338e-01,5.855506e-02,2.773882e-01,2.133272e-01,1.617832e-01,0,0,0,1.866292e-01,1.232180e-01,3.274365e-01,2.803750e-01,3.131530e-01,6.640293e-02,4.426948e-01,6.659903e-02,3.702681e-01,0,1.206360e-01,3.910065e-01,9.301088e-02,1.578221e-01,2.525446e-01,3.847658e-01,4.813875e-01,5.539794e-02,1.326799e-01,5.160651e-02,1.052398e-01,4.046387e-02,1.446611e-01,1.170690e-01,2.340334e-02,8.863995e-02,0,4.560590e-02,9.042643e-02,8.742245e-02,3.231624e-02,1.446571e-01,2.636976e-02,3.900667e-02,2.086812e-01,1.159243e-01,4.374184e-02,1.865430e-01,3.097039e-02,0,1.338467e-01,
4.030802e-02,9.082971e-02,3.616548e-01,2.778691e-01,0,1.927639e-01,0,4.239812e-01,8.692674e-02,8.907190e-02,2.403868e-01,2.265352e-01,2.210860e-01,0,0,0,9.910285e-02,1.398508e-01,4.541990e-01,1.842687e-01,2.888083e-01,2.529345e-01,0,1.900319e-01,1.876129e-01,1.877248e-01,2.274422e-01,1.299977e-01,4.574033e-01,3.231971e-01,4.030802e-02,9.082971e-02,4.872997e-02,5.647449e-02,1.044220e-01,1.645926e-01,1.226540e-01,3.925105e-02,5.196821e-02,4.973454e-02,7.516813e-02,0,9.160572e-02,4.896953e-02,1.240467e-01,5.966861e-02,8.637321e-02,1.566358e-01,1.148803e-01,5.524329e-02,1.254802e-01,4.483706e-02,0,2.193996e-01,
2.730815e-02,1.164255e-01,3.317801e-01,2.454636e-01,0,3.036219e-01,4.844398e-02,4.363686e-01,9.213743e-02,6.881604e-02,6.256019e-02,3.059179e-01,2.576732e-01,2.107828e-01,1.039275e-01,1.869491e-01,0,0,0,2.607542e-01,3.021488e-01,3.380912e-01,0,2.226959e-01,2.315586e-01,1.921138e-01,2.466656e-01,1.442682e-01,4.426773e-01,4.079058e-01,2.730815e-02,1.164255e-01,4.935808e-02,9.901735e-02,5.021899e-02,1.401718e-01,1.544066e-01,2.644600e-02,1.012180e-01,6.760095e-02,8.005642e-02,1.274824e-01,7.076433e-02,0,1.094524e-01,3.578124e-02,3.130716e-02,1.495657e-01,1.225322e-01,1.471844e-02,1.751961e-01,4.519208e-02,0,1.494169e-01,
4.425763e-02,8.486516e-02,3.427309e-01,2.037234e-01,0,3.581102e-01,4.406998e-02,1.640071e-01,2.326543e-01,2.721568e-01,2.892210e-02,2.066807e-01,3.722221e-01,2.132637e-01,8.750375e-02,3.187078e-01,3.837685e-01,2.484215e-01,8.690362e-02,0,0,3.964672e-01,0,6.158338e-02,5.424709e-01,3.618304e-02,8.764099e-02,3.443466e-01,3.904589e-01,5.028265e-01,4.425763e-02,8.486516e-02,6.587653e-02,1.114594e-01,4.020476e-02,1.219955e-01,1.695952e-01,3.376992e-02,1.018731e-01,8.520060e-02,7.535006e-02,1.046119e-01,8.679939e-02,5.710134e-02,8.530697e-02,0,2.288881e-02,1.733181e-01,1.112973e-01,4.806090e-02,1.772530e-01,5.360521e-02,0,1.067146e-01,
1.950561e-02,8.752776e-02,4.134038e-01,3.509251e-01,0,0,8.538922e-01,2.635556e-01,1.315105e-01,1.078855e-01,1.040348e-01,2.178552e-01,3.290129e-01,0,5.899889e-01,2.078374e-01,2.174016e-01,1.338245e-01,3.979419e-01,1.439823e-01,3.422652e-01,0,0,1.604856e-01,1.802008e-01,2.026540e-01,1.855144e-01,1.134401e-01,7.919612e-01,2.222409e-03,1.950561e-02,8.752776e-02,2.256778e-02,8.621286e-02,2.783340e-01,1.443079e-02,5.752819e-02,1.179782e-01,4.160422e-02,8.191188e-02,8.924850e-02,4.028912e-02,1.019524e-01,4.203253e-02,6.863985e-02,9.160608e-02,1.438854e-01,0,5.448533e-02,9.836072e-02,9.817327e-02,1.097583e-01,0,2.058163e-01,
4.571021e-02,1.133040e-01,3.171542e-01,2.426997e-01,0,3.246336e-01,4.398581e-02,6.978325e-02,3.122126e-01,2.943873e-01,5.795455e-02,2.542365e-01,2.960836e-01,2.056023e-01,9.579939e-02,3.403541e-01,4.515871e-01,1.847927e-01,8.059000e-02,6.064390e-02,2.710392e-01,3.857053e-01,0,0,0,0,7.947021e-02,3.402418e-01,4.327281e-01,4.533887e-01,4.571021e-02,1.133040e-01,4.021154e-02,1.090488e-01,4.513444e-02,1.580197e-01,1.855117e-01,4.018581e-02,1.047398e-01,5.905593e-02,6.745222e-02,7.361971e-02,1.003027e-01,4.770682e-02,1.157688e-01,8.016935e-02,3.970728e-02,1.513765e-01,7.650635e-02,0,1.558927e-01,3.056794e-02,0,1.138832e-01,
6.347045e-02,1.116698e-01,3.175098e-01,2.513260e-01,0,3.788674e-01,4.390344e-02,2.898734e-02,2.528319e-01,4.141516e-01,6.704191e-02,2.035014e-01,3.462260e-01,1.888929e-01,1.001681e-01,3.829835e-01,4.052178e-01,2.028142e-01,4.654733e-02,9.536523e-02,3.804845e-01,4.390257e-01,0,2.010908e-01,3.992255e-02,4.812218e-01,0,0,3.981893e-01,4.815672e-01,6.347045e-02,1.116698e-01,5.270772e-02,8.979662e-02,4.376020e-02,1.601832e-01,1.360932e-01,4.643090e-02,8.967373e-02,8.859374e-02,6.789098e-02,7.258726e-02,1.127434e-01,7.363624e-02,1.467209e-01,5.701971e-02,4.522480e-02,1.316697e-01,1.083786e-01,1.945986e-02,1.046266e-01,0,0,1.202436e-01,
0,0,0,0,0,0,0,0,0,0,0,0,0,0,0,0,0,0,0,0,0,0,0,0,0,0,0,0,0,0,0,0,0,0,0,0,0,0,0,0,0,0,0,0,0,0,0,0,0,0,0,0,1,1,
